[
  {
    "type": "npc_class",
    "id": "NC_SLIME_HELPER",
    "name": "Helper",
    "job_description": "I have been grown to assist you.",
    "common": false,
    "bonus_str": { "rng": [ 12, 0 ] },
    "bonus_dex": { "rng": [ 12, 1 ] },
    "bonus_int": { "rng": [ 12, 5 ] },
    "bonus_per": { "rng": [ 12, 2 ] },
    "skills": [
      { "skill": "cooking", "level": { "rng": [ 10, 10 ] } },
      { "skill": "fabrication", "level": { "rng": [ 10, 10 ] } },
      { "skill": "firstaid", "level": { "rng": [ 10, 10 ] } },
      { "skill": "speech", "level": { "rng": [ 10, 10 ] } },
      { "skill": "survival", "level": { "rng": [ 10, 10 ] } },
      { "skill": "swimming", "level": { "rng": [ 10, 10 ] } },
      { "skill": "tailor", "level": { "rng": [ 10, 10 ] } },
      { "skill": "traps", "level": { "rng": [ 10, 10 ] } },
      { "skill": "archery", "level": { "rng": [ 10, 10 ] } },
      { "skill": "bashing", "level": { "rng": [ 10, 10 ] } },
      { "skill": "melee", "level": { "rng": [ 10, 10 ] } }
    ],
    "traits": [
      { "group": "trait_group_slime" },
      { "distribution": [ { "group": "trait_group_slime_nonthres" }, { "group": "trait_group_slime_postthres" } ] }
    ]
  }
]
