[
  {
    "type": "TOOL_ARMOR",
    "category": "armor",
    "id": "queensuit",
    "name": "queensuit",
    "symbol": "q",
    "flags": [ "VARSIZE", "SKINTIGHT", "ALLOWS_NATURAL_ATTACKS", "TRADER_AVOID", "STURDY", "POWERARMOR_COMPATIBLE", "HOOD", "RAD_RESIST", "CLIMATE_CONTROL"  ],
    "encumbrance": 10,
    "weight": 9836,
    "covers": ["MOUTH", "EYES", "TORSO", "ARMS", "HANDS", "LEGS" ],
    "description": "A Queen blob molded to act as an oversuit. It's adaptive intelligence provides many benefits, not least of which is it's internal climate control. You have the unnerving idea that it's somehow learning from you and the way you move. The queen can be agitated to activate combat mode... If she's been fed.",
    "looks_like": "rm13_armor_on",
    "artifact_data": { "effects_worn": [ "AEP_ALL_UP", "AEP_CARRY_MORE", "AEP_PSYSHIELD", "AEP_FUN", "AEP_CLAIRVOYANCE" ] },
    "volume": 6,
    "environmental_protection": 20,
    "coverage": 100,
    "material_thickness": 2,
    "qualities": [ [ "GLARE", 3 ] ],
    "material": [ "slime" ],
    "ammo": "bfeed",
    "use_action": {
      "type": "transform",
      "msg": "You activate your %s.",
      "target": "queensuit_mad",
      "active": true,
      "need_charges": 1,
      "need_charges_msg": "The %s is out of blob feed."
    },
    "magazines": [ [ "bfeed", [ "bfmag", "bfmagmed" ] ] ],
    "magazine_well": 10
  },
  {
    "id": "queensuit_mad",
    "copy-from": "queensuit",
    "type": "TOOL_ARMOR",
    "encumbrance": 3,
    "name": "queensuit - combat mode",
    "name_plural": "queensuits (on)",
        "material": [ "angryslime" ],
    "description": "A Queen blob molded to act as an oversuit. It's adaptive intelligence provides many benefits, not least of which is it's internal climate control. You have the unnerving idea that it's somehow learning from you and the way you move. This queen has been incited into combat mode, and is consuming blob-feed to enhance your close combat abilities.",
    "extend": {
      "flags": [
        "ALARMCLOCK",
        "BAROMETER",
        "ALLOWS_NATURAL_ATTACKS",
        "CLIMATE_CONTROL",
        "ELECTRIC_IMMUNE",
        "FIX_FARSIGHT",
        "FIX_NEARSIGHT",
        "GAS_PROOF",
        "HOOD",
        "HYGROMETER",
        "POCKETS",
        "RAD_PROOF",
        "RAINPROOF",
        "REBREATHER",
        "SKINTIGHT",
        "STURDY",
        "SUN_GLASSES",
        "SWIM_GOGGLES",
        "THERMOMETER",
        "VARSIZE",
        "WATCH",
        "WATER_FRIENDLY",
        "WATERPROOF"
      ]
    },
    "artifact_data": {
      "effects_worn": [
        "AEP_ALL_UP",
        "AEP_CARRY_MORE",
        "AEP_PSYSHIELD",
        "AEP_FUN",
        "AEP_STR_UP",
        "AEP_DEX_UP",
        "AEP_PER_UP",
        "AEP_INT_UP",
        "AEP_SPEED_UP",
        "AEP_CLAIRVOYANCE_PLUS",
        "AEP_GLOW",
        "AEP_RESIST_ELECTRICITY",
        "AEP_SAP_LIFE"
      ]
    },
    "turns_per_charge": 50,
    "power_draw": 1500,
    "environmental_protection": 50,
    "revert_to": "queensuit",
    "use_action": { "type": "transform", "menu_text": "Turn off", "msg": "Your %s goes quiescent, for now.", "target": "queensuit" },
    "covers": [ "HEAD", "MOUTH", "TORSO", "ARMS", "LEGS", "HANDS", "FEET" ]
  },
  {
    "id": "slime_climate_suit",
    "type": "TOOL_ARMOR",
    "category": "armor",
    "symbol": "[",
    "color": "light_gray",
    "name": "slime enviro suit",
    "name_plural": "slime enviro suits",
    "description": "This is a gloople frame that has been transformed into a skin tight suit and combined with a gelectrode. While it is slightly squishy on the inside and seems reluctant to let you take it off it does seem to keep you at a comfortable temperature. It is currently dormant, use it to wake it up.",
    "flags": [ "VARSIZE", "SKINTIGHT", "ALLOWS_NATURAL_ATTACKS", "TRADER_AVOID", "OVERSIZE" ],
    "price": 30000,
    "material": [ "slime" ],
    "weight": "1452 g",
    "volume": "4500 ml",
    "charges_per_use": 1,
    "ammo": "bfeed",
    "use_action": {
      "type": "transform",
      "msg": "Your %s wakes up.",
      "target": "slime_climate_suit_on",
      "active": true,
      "need_charges": 1,
      "need_charges_msg": "The %s is out of blob feed."
    },
    "covers": [ "HEAD", "MOUTH", "TORSO", "ARMS", "LEGS", "HANDS", "FEET" ],
    "warmth": 80,
    "coverage": 100,
    "environmental_protection": 5,
    "material_thickness": 5,
    "magazines": [ [ "bfeed", [ "bfmag", "bfmagmed" ] ] ],
    "magazine_well": 2
  },
  {
    "id": "slime_climate_suit_on",
    "copy-from": "slime_climate_suit",
    "type": "TOOL_ARMOR",
    "name": "Slime enviro suit (on)",
    "name_plural": "thermal electric outfits (on)",
    "description": "This is a gloople frame that has been transformed into a skin tight suit and combined with a gelectrode. While it is slightly squishy on the inside and seems reluctant to let you take it off it does seem to keep you at a comfortable temperature. It occasionally makes soft gurgling sounds as it digests it's blob feed. Use it to make it go dormant. ",
    "flags": [ "VARSIZE", "SKINTIGHT", "TRADER_AVOID", "CLIMATE_CONTROL" ],
    "power_draw": 1300,
    "revert_to": "slime_climate_suit",
    "use_action": { "type": "transform", "menu_text": "Turn off", "msg": "Your %s goes dormant.", "target": "slime_climate_suit" },
    "covers": [ "HEAD", "MOUTH", "TORSO", "ARMS", "LEGS", "HANDS", "FEET" ],
    "magazine_well": 2
  },
  {
    "id": "slimy_backpack",
    "type": "ARMOR",
    "name": "large slimy pouch",
    "description": "A large number of blob globs formed into a huge backpack. It holds onto the items within somewhat tighyly and burps loudly whenever you put large amounts of stuff in it at a time.",
    "weight": "1140 g",
    "volume": "4 L",
    "price": 9200,
    "price_postapoc": 15900,
    "rigid": false,
    "material": [ "slime" ],
    "symbol": "[",
    "looks_like": "rucksack",
    "color": "dark_gray",
    "covers": [ "TORSO" ],
    "coverage": 40,
    "encumbrance": 4,
    "max_encumbrance": 8,
    "storage": "60 L",
    "material_thickness": 2,
    "flags": [ "BELTED", "WATER_FRIENDLY", "STURDY", "TRADER_AVOID" ]
  }
]
