[
  {
    "copy-from": "bfeed",
    "id": "bfeed",
    "type": "AMMO",
    "category": "fuel",
    "name": "blob feed",
    "name_plural": "blob feed",
    "description": "An amalgam of various types of organic material, contains everything the blob needs to be healthy.  You think…",
    "weight": 0,
    "volume": 0,
    "to_hit": -3,
    "bashing": 8,
    "material": "flesh",
    "fuel": { "energy": 1 },
    "symbol": "*",
    "color": "red",
    "count": 25,
    "ammo_type": "bfeed"
  },
  {
    "copy-from": "bframegrow",
    "id": "bframegrow",
    "type": "TOOL",
    "category": "tools",
    "flags": [ "ALLOWS_REMOTE_USE" ],
    "name": "growing blob frame",
    "description": "A growing vehicle frame made of bone.  It's coated in a thick layer of ooze, though there's greater amounts on the bindings.  It's not quite tough enough to use.",
    "weight": "900 g",
    "volume": "100 ml",
    "price": 100,
    "to_hit": -2,
    "material": [ "bone", "flesh" ],
    "symbol": ";",
    "color": "green",
    "use_action": {
      "target": "gloople",
      "msg": "You test the frame; It wiggles, and then collapses into an lump of goo.",
      "type": "delayed_transform",
      "transform_age": 3600,
      "not_ready_msg": "You test the frame; it gives easily, it's still not sturdy enough"
    }
  },
  {
    "copy-from": "bitergrow",
    "id": "bitergrow",
    "type": "TOOL",
    "category": "tools",
    "name": "growing keratinous mass",
    "name_plural": "growing keratinous mass",
    "description": "Not quite fully grown, this blob requires nourishment to fully develop.",
    "weight": "900 g",
    "volume": "100 ml",
    "price": 100,
    "to_hit": -2,
    "material": [ "flesh" ],
    "symbol": ";",
    "color": "blue",
    "flags": [ "ALLOWS_REMOTE_USE" ],
    "use_action": {
      "target": "biter",
      "msg": "The blob balloons to full size.",
      "type": "delayed_transform",
      "transform_age": 3600,
      "not_ready_msg": "Whatever it's doing, it's not done yet."
    }
  },
  {
    "copy-from": "cluttergrow",
    "id": "cluttergrow",
    "type": "TOOL",
    "category": "tools",
    "name": "growing beaded mass",
    "name_plural": "growing beaded mass",
    "description": "Not quite fully grown, this blob requires nourishment to fully develop.",
    "weight": "900 g",
    "volume": "100 ml",
    "price": 100,
    "to_hit": -2,
    "material": [ "flesh" ],
    "symbol": ";",
    "color": "magenta",
    "flags": [ "ALLOWS_REMOTE_USE" ],
    "use_action": {
      "target": "clutter",
      "msg": "The blob balloons to full size.",
      "type": "delayed_transform",
      "transform_age": 3600,
      "not_ready_msg": "Whatever it's doing, it's not done yet."
    }
  },
  {
    "copy-from": "freeziegrow",
    "id": "freeziegrow",
    "type": "TOOL",
    "category": "tools",
    "name": "growing icy mass",
    "name_plural": "growing icy mass",
    "description": "Not quite fully grown, this blob requires nourishment to fully develop.",
    "weight": "900 g",
    "volume": "100 ml",
    "price": 100,
    "to_hit": -2,
    "material": [ "flesh" ],
    "symbol": ";",
    "color": "light_blue",
    "flags": [ "ALLOWS_REMOTE_USE" ],
    "use_action": {
      "target": "freezie",
      "msg": "The blob balloons to full size.",
      "type": "delayed_transform",
      "transform_age": 3600,
      "not_ready_msg": "Whatever it's doing, it's not done yet."
    }
  },
  {
    "copy-from": "frostiegrow",
    "id": "frostiegrow",
    "type": "TOOL",
    "category": "tools",
    "name": "growing cold mass",
    "name_plural": "growing cold mass",
    "description": "Not quite fully grown, this blob requires nourishment to fully develop.",
    "weight": "900 g",
    "volume": "100 ml",
    "price": 100,
    "to_hit": -2,
    "material": [ "flesh" ],
    "symbol": ";",
    "color": "light_blue",
    "flags": [ "ALLOWS_REMOTE_USE" ],
    "use_action": {
      "target": "frostie",
      "msg": "The blob balloons to full size.",
      "type": "delayed_transform",
      "transform_age": 3600,
      "not_ready_msg": "Whatever it's doing, it's not done yet."
    }
  },
  {
    "copy-from": "fuzzlegrow",
    "id": "fuzzlegrow",
    "type": "TOOL",
    "category": "tools",
    "name": "growing hairy mass",
    "name_plural": "growing hairy mass",
    "description": "Not quite fully grown, this blob requires nourishment to fully develop.",
    "weight": "900 g",
    "volume": "100 ml",
    "price": 100,
    "to_hit": -2,
    "material": [ "flesh" ],
    "symbol": ";",
    "color": "brown",
    "flags": [ "ALLOWS_REMOTE_USE" ],
    "use_action": {
      "target": "fuzzle",
      "msg": "The blob balloons to full size.",
      "type": "delayed_transform",
      "transform_age": 3600,
      "not_ready_msg": "Whatever it's doing, it's not done yet."
    }
  },
  {
    "copy-from": "glooplegrow",
    "id": "glooplegrow",
    "type": "TOOL",
    "category": "tools",
    "name": "growing gelatinous mass",
    "name_plural": "growing gelatinous mass",
    "description": "Not quite fully grown, this blob requires nourishment to fully develop.",
    "weight": "900 g",
    "volume": "100 ml",
    "price": 100,
    "to_hit": -2,
    "material": [ "flesh" ],
    "symbol": ";",
    "color": "light_green",
    "flags": [ "ALLOWS_REMOTE_USE" ],
    "use_action": {
      "target": "gloople",
      "msg": "The blob balloons to full size.",
      "type": "delayed_transform",
      "transform_age": 3600,
      "not_ready_msg": "Whatever it's doing, it's not done yet."
    }
  },
  {
    "copy-from": "glowiegrow",
    "id": "glowiegrow",
    "type": "TOOL",
    "category": "tools",
    "name": "growing glowing mass",
    "name_plural": "growing glowing mass",
    "description": "Not quite fully grown, this blob requires nourishment to fully develop.",
    "weight": "900 g",
    "volume": "100 ml",
    "price": 100,
    "to_hit": -2,
    "material": [ "flesh" ],
    "symbol": ";",
    "color": "cyan",
    "flags": [ "ALLOWS_REMOTE_USE" ],
    "use_action": {
      "target": "glowie",
      "msg": "The blob balloons to full size.",
      "type": "delayed_transform",
      "transform_age": 3600,
      "not_ready_msg": "Whatever it's doing, it's not done yet."
    }
  },
  {
    "copy-from": "graygrow",
    "id": "graygrow",
    "type": "TOOL",
    "category": "tools",
    "name": "growing gray mass",
    "name_plural": "growing gray mass",
    "description": "Not quite fully grown, this blob requires nourishment to fully develop.",
    "weight": "900 g",
    "volume": "100 ml",
    "price": 100,
    "to_hit": -2,
    "material": [ "flesh" ],
    "symbol": ";",
    "color": "light_gray",
    "flags": [ "ALLOWS_REMOTE_USE" ],
    "use_action": {
      "target": "gray",
      "msg": "The blob balloons to full size.",
      "type": "delayed_transform",
      "transform_age": 3600,
      "not_ready_msg": "Whatever it's doing, it's not done yet."
    }
  },
  {
    "copy-from": "horrorgrow",
    "id": "horrorgrow",
    "type": "TOOL",
    "category": "tools",
    "name": "growing spike-studded mass",
    "name_plural": "growing spike-studded mass",
    "description": "Not quite fully grown, this blob requires nourishment to fully develop.",
    "weight": "900 g",
    "volume": "100 ml",
    "price": 100,
    "to_hit": -2,
    "material": [ "flesh" ],
    "symbol": ";",
    "color": "blue",
    "flags": [ "ALLOWS_REMOTE_USE" ],
    "use_action": {
      "target": "horror",
      "msg": "The blob balloons to full size.",
      "type": "delayed_transform",
      "transform_age": 3600,
      "not_ready_msg": "Whatever it's doing, it's not done yet."
    }
  },
  {
    "copy-from": "inkiegrow",
    "id": "inkiegrow",
    "type": "TOOL",
    "category": "tools",
    "name": "growing gasoline-laced mass",
    "name_plural": "growing gasoline-laced mass",
    "description": "Not quite fully grown, this blob requires nourishment to fully develop.",
    "weight": "900 g",
    "volume": "100 ml",
    "price": 100,
    "to_hit": -2,
    "material": [ "flesh" ],
    "symbol": ";",
    "color": "brown",
    "flags": [ "ALLOWS_REMOTE_USE" ],
    "use_action": {
      "target": "inkie",
      "msg": "The blob balloons to full size.",
      "type": "delayed_transform",
      "transform_age": 3600,
      "not_ready_msg": "Whatever it's doing, it's not done yet."
    }
  },
  {
    "copy-from": "meltiegrow",
    "id": "meltiegrow",
    "type": "TOOL",
    "category": "tools",
    "name": "growing acidic mass",
    "name_plural": "growing acidic mass",
    "description": "Not quite fully grown, this blob requires nourishment to fully develop.",
    "weight": "900 g",
    "volume": "100 ml",
    "price": 100,
    "to_hit": -2,
    "material": [ "flesh" ],
    "symbol": ";",
    "color": "light_red",
    "flags": [ "ALLOWS_REMOTE_USE" ],
    "use_action": {
      "target": "meltie",
      "msg": "The blob balloons to full size.",
      "type": "delayed_transform",
      "transform_age": 3600,
      "not_ready_msg": "Whatever it's doing, it's not done yet."
    }
  },
  {
    "copy-from": "oozlegrow",
    "id": "oozlegrow",
    "type": "TOOL",
    "category": "tools",
    "name": "growing ooze",
    "name_plural": "growing ooze",
    "description": "Not quite fully grown, this blob requires nourishment to fully develop.",
    "weight": "900 g",    
    "volume": "100 ml",
    "price": 100,
    "to_hit": -2,
    "material": [ "flesh" ],
    "symbol": ";",
    "color": "green",
    "flags": [ "ALLOWS_REMOTE_USE" ],
    "use_action": {
      "target": "oozle",
      "msg": "The blob balloons to full size.",
      "type": "delayed_transform",
      "transform_age": 3600,
      "not_ready_msg": "Whatever it's doing, it's not done yet."
    }
  },
  {
    "copy-from": "queengrow",
    "id": "queengrow",
    "type": "TOOL",
    "category": "tools",
    "name": "growing mass of tendrils",
    "name_plural": "growing mass of tendrils",
    "description": "Not quite fully grown, this blob requires nourishment to fully develop.",
    "weight": "900 g",
    "volume": "100 ml",
    "price": 100,
    "to_hit": -2,
    "material": [ "flesh" ],
    "symbol": ";",
    "color": "red",
    "flags": [ "ALLOWS_REMOTE_USE" ],
    "use_action": {
      "target": "queen",
      "msg": "The blob balloons to full size.",
      "type": "delayed_transform",
      "transform_age": 3600,
      "not_ready_msg": "Whatever it's doing, it's not done yet."
    }
  },
  {
    "copy-from": "razorqueengrow",
    "id": "razorqueengrow",
    "type": "TOOL",
    "category": "tools",
    "name": "growing spiked mass",
    "name_plural": "growing spiked mass",
    "description": "Not quite fully grown, this blob requires nourishment to fully develop.",
    "weight": "900 g",
    "volume": "100 ml",
    "price": 100,
    "to_hit": -2,
    "material": [ "flesh" ],
    "symbol": ";",
    "color": "cyan",
    "flags": [ "ALLOWS_REMOTE_USE" ],
    "use_action": {
      "target": "razorqueen",
      "msg": "The blob balloons to full size.",
      "type": "delayed_transform",
      "transform_age": 3600,
      "not_ready_msg": "Whatever it's doing, it's not done yet."
    }
  },
  {
    "copy-from": "sharpgrow",
    "id": "sharpgrow",
    "type": "TOOL",
    "category": "tools",
    "name": "growing spiny mass",
    "name_plural": "growing spiny mass",
    "description": "Not quite fully grown, this blob requires nourishment to fully develop.",
    "weight": "900 g",
    "volume": "100 ml",
    "price": 100,
    "to_hit": -2,
    "material": [ "flesh" ],
    "symbol": ";",
    "color": "light_blue",
    "flags": [ "ALLOWS_REMOTE_USE" ],
    "use_action": {
      "target": "sharp",
      "msg": "The blob balloons to full size.",
      "type": "delayed_transform",
      "transform_age": 3600,
      "not_ready_msg": "Whatever it's doing, it's not done yet."
    }
  },
  {
    "copy-from": "sicklegrow",
    "id": "sicklegrow",
    "type": "TOOL",
    "category": "tools",
    "name": "growing spiky mass",
    "name_plural": "growing spiky mass",
    "description": "Not quite fully grown, this blob requires nourishment to fully develop.",
    "weight": "900 g",
    "volume": "100 ml",
    "price": 100,
    "to_hit": -2,
    "material": [ "flesh" ],
    "symbol": ";",
    "color": "blue",
    "flags": [ "ALLOWS_REMOTE_USE" ],
    "use_action": {
      "target": "gelrazor",
      "msg": "The blob balloons to full size.",
      "type": "delayed_transform",
      "transform_age": 3600,
      "not_ready_msg": "Whatever it's doing, it's not done yet."
    }
  },
  {
    "copy-from": "sparkiegrow",
    "id": "sparkiegrow",
    "type": "TOOL",
    "category": "tools",
    "name": "growing bright mass",
    "name_plural": "growing bright mass",
    "description": "Not quite fully grown, this blob requires nourishment to fully develop.",
    "weight": "900 g",
    "volume": "100 ml",
    "price": 100,
    "to_hit": -2,
    "material": [ "flesh" ],
    "symbol": ";",
    "color": "cyan",
    "flags": [ "ALLOWS_REMOTE_USE" ],
    "use_action": {
      "target": "sparkie",
      "msg": "The blob balloons to full size.",
      "type": "delayed_transform",
      "transform_age": 3600,
      "not_ready_msg": "Whatever it's doing, it's not done yet."
    }
  },
  {
    "copy-from": "stickiegrow",
    "id": "stickiegrow",
    "type": "TOOL",
    "category": "tools",
    "name": "growing viscous mass",
    "name_plural": "growing viscous mass",
    "description": "Not quite fully grown, this blob requires nourishment to fully develop.",
    "weight": "900 g",
    "volume": "100 ml",
    "price": 100,
    "to_hit": -2,
    "material": [ "flesh" ],
    "symbol": ";",
    "color": "yellow",
    "flags": [ "ALLOWS_REMOTE_USE" ],
    "use_action": {
      "target": "stickie",
      "msg": "The blob balloons to full size.",
      "type": "delayed_transform",
      "transform_age": 3600,
      "not_ready_msg": "Whatever it's doing, it's not done yet."
    }
  },
  {
    "copy-from": "torchiegrow",
    "id": "torchiegrow",
    "type": "TOOL",
    "category": "tools",
    "name": "growing warm mass",
    "name_plural": "growing warm mass",
    "description": "Not quite fully grown, this blob requires nourishment to fully develop.",
    "weight": "900 g",
    "volume": "100 ml",
    "price": 100,
    "to_hit": -2,
    "material": [ "flesh" ],
    "symbol": ";",
    "color": "light_red",
    "flags": [ "ALLOWS_REMOTE_USE" ],
    "use_action": {
      "target": "torchie",
      "msg": "The blob balloons to full size.",
      "type": "delayed_transform",
      "transform_age": 3600,
      "not_ready_msg": "Whatever it's doing, it's not done yet."
    }
  },
  {
    "copy-from": "gloopletread",
    "id": "gloopletread",
    "type": "vehicle_part",
    "name": "Gelatinous track",
    "item": "gloopletread",
    "location": "under",
    "symbol": "|",
    "broken_symbol": "x",
    "color": "light_green",
    "broken_color": "light_green",
    "durability": 250,
    "damage_modifier": 10,
    "folded_volume": 1,
    "breaks_into": [ { "item": "glooplegrow" } ],
    "description": "A set of continuous, interlocking tracks made out of blob.  They can be used in place of wheels, and provide good traction and off-road performance.",
    "requirements": { "install": { "time": "5 m" }, "repair": { "time": "1 m", "using": [ [ "blobrep", 1 ] ] } },
    "wheel_type": "treads",
    "contact_area": 2500,
    "rolling_resistance": 6,
    "flags": [ "WHEEL", "VARIABLE_SIZE", "MULTISQUARE", "TRACKED", "FOLDABLE" ]
  },
  {
    "id": "oozletread",
    "type": "vehicle_part",
    "copy-from": "gloopletread",
    "name": "Oozing track",
    "item": "oozletread",
    "breaks_into": [ { "item": "oozlegrow" } ]
  },
  {
    "id": "graytread",
    "type": "vehicle_part",
    "copy-from": "gloopletread",
    "name": "Gray track",
    "item": "graytread",
    "breaks_into": [ { "item": "graygrow" } ]
  },
  {
    "id": "biter",
    "type": "vehicle_part",
    "name": "biting blob",
    "item": "biter",
    "location": "center",
    "symbol": "t",
    "broken_symbol": "#",
    "color": "blue",
    "broken_color": "blue",
    "durability": 400,
    "damage_modifier": 10,
    "folded_volume": 1,
    "breaks_into": [ { "item": "bitergrow" } ],
    "requirements": { "install": { "time": "5 m" }, "repair": { "time": "1 m", "using": [ [ "blobrep", 1 ] ] } },
    "description": "A living blob, transformed into a heavy vehicle weapon.",
    "flags": [ "TURRET", "FOLDABLE", "OBSTACLE" ]
  },
  {
    "id": "clutter",
    "type": "vehicle_part",
    "name": "gel shooter",
    "item": "clutter",
    "location": "on_roof",
    "symbol": "t",
    "broken_symbol": "#",
    "color": "magenta",
    "broken_color": "magenta",
    "durability": 200,
    "damage_modifier": 10,
    "folded_volume": 1,
    "breaks_into": [ { "item": "cluttergrow" } ],
    "description": "A living blob, transformed into a heavy vehicle weapon.",
    "requirements": { "install": { "time": "5 m" }, "repair": { "time": "1 m", "using": [ [ "blobrep", 1 ] ] } },
    "flags": [ "TURRET", "FOLDABLE" ]
  },
  {
    "id": "freezie",
    "type": "vehicle_part",
    "name": "frost lancer",
    "item": "freezie",
    "location": "on_roof",
    "symbol": "t",
    "broken_symbol": "#",
    "color": "light_blue",
    "broken_color": "light_blue",
    "durability": 200,
    "damage_modifier": 10,
    "folded_volume": 1,
    "breaks_into": [ { "item": "freeziegrow" } ],
    "description": "A living blob, existing in a super-cooled state and transformed into a heavy vehicle weapon.",
    "requirements": { "install": { "time": "5 m" }, "repair": { "time": "1 m", "using": [ [ "blobrep", 1 ] ] } },
    "flags": [ "TURRET", "FOLDABLE" ]
  },
  {
    "copy-from": "frostie_ram",
    "id": "frostie_ram",
    "type": "vehicle_part",
    "name": "ice ram",
    "item": "frostie",
    "location": "structure",
    "symbol": "X",
    "broken_symbol": "0",
    "color": "light_blue",
    "broken_color": "light_blue",
    "durability": 5000,
    "damage_modifier": 200,
    "folded_volume": 1,
    "breaks_into": [ { "item": "frostiegrow" } ],
    "description": "A living blob, existing in a super-cooled state.  It will absorb damage in a vehicle collision and deliver additional damage to the other object in the collision.  It should be mounted on the edge of the vehicle, preferably the front.",
    "requirements": { "install": { "time": "5 m" }, "repair": { "time": "1 m", "using": [ [ "blobrep", 1 ] ] } },
    "flags": [ "OBSTACLE", "PROTRUSION", "SHARP", "FOLDABLE", "ARMOR" ]
  },
  {
    "copy-from": "frostie_trunk",
    "id": "frostie_trunk",
    "type": "vehicle_part",
    "name": "ice pack",
    "item": "frostie",
    "location": "center",
    "symbol": "H",
    "broken_symbol": "#",
    "color": "light_blue",
    "broken_color": "light_blue",
    "difficulty": 3,
    "durability": 100,
    "epower": 0,
    "size": 1000,
    "damage_modifier": 80,
    "folded_volume": 1,
    "breaks_into": [ { "item": "frostiegrow" } ],
    "description": "A living blob, existing in a super-cooled state.  It will keep items stored in it cold, reducing the speed at which food and drink rots.",
    "requirements": { "install": { "time": "5 m" }, "repair": { "time": "1 m", "using": [ [ "blobrep", 1 ] ] } },
    "flags": [ "CARGO", "OBSTACLE", "FRIDGE", "COVERED", "FOLDABLE" ]
  },
  {
    "copy-from": "frostie_wall",
    "id": "frostie_wall",
    "type": "vehicle_part",
    "name": "icy windshield",
    "item": "frostie",
    "location": "center",
    "symbol": "\"",
    "broken_symbol": "0",
    "color": "light_blue",
    "broken_color": "light_blue",
    "durability": 500,
    "damage_modifier": 80,
    "folded_volume": 1,
    "breaks_into": [ { "item": "frostiegrow" } ],
    "description": "A living blob, existing in a super-cooled state.  It is transparent, and can be used to see out of the vehicle.",
    "requirements": { "install": { "time": "5 m" }, "repair": { "time": "1 m", "using": [ [ "blobrep", 1 ] ] } },
    "flags": [ "OBSTACLE", "WINDOW", "FOLDABLE" ]
  },
  {
    "copy-from": "frostie_wheel",
    "id": "frostie_wheel",
    "type": "vehicle_part",
    "name": "snow slider",
    "item": "frostie_wheel",
    "location": "under",
    "symbol": "|",
    "broken_symbol": "x",
    "color": "light_blue",
    "broken_color": "light_blue",
    "durability": 500,
    "damage_modifier": 200,
    "folded_volume": 1,
    "breaks_into": [ { "item": "frostiegrow" } ],
    "description": "A living blob, existing in a super-cooled state.  It acts as a wheel.",
    "requirements": { "install": { "time": "5 m" }, "repair": { "time": "1 m", "using": [ [ "blobrep", 1 ] ] } },
    "rolling_resistance": 1.5,
    "wheel_type": "standard",
    "contact_area": 153,
    "flags": [ "WHEEL", "FOLDABLE", "EXTRA_DRAG", "SHARP", "TRACKED" ]
  },
  {
    "id": "frostie_wheel_sea",
    "type": "vehicle_part",
    "name": "icy sea skimmer",
    "item": "frostie_hull",
    "location": "under",
    "symbol": "|",
    "broken_symbol": "x",
    "color": "light_blue",
    "broken_color": "light_blue",
    "durability": 500,
    "damage_modifier": 200,
    "folded_volume": 1,
    "breaks_into": [ { "item": "frostiegrow" } ],
    "description": "A living blob, existing in a super-cooled state.  It acts as a boat hull.",
    "requirements": { "install": { "time": "5 m" }, "repair": { "time": "1 m", "using": [ [ "blobrep", 1 ] ] } },
    "flags": [ "FLOATS", "FOLDABLE", "EXTRA_DRAG", "SHARP", "TRACKED" ]
  },
  {
    "id": "fuzzle",
    "type": "vehicle_part",
    "name": "snapping ooze",
    "item": "fuzzle",
    "location": "center",
    "symbol": "t",
    "broken_symbol": "#",
    "color": "brown",
    "broken_color": "brown",
    "durability": 600,
    "damage_modifier": 10,
    "folded_volume": 1,
    "breaks_into": [ { "item": "fuzzlegrow" } ],
    "description": "A living blob, transformed into a heavy vehicle weapon.",
    "requirements": { "install": { "time": "5 m" }, "repair": { "time": "1 m", "using": [ [ "blobrep", 1 ] ] } },
    "flags": [ "TURRET", "FOLDABLE", "OBSTACLE" ]
  },
  {
    "id": "gel_lamp",
    "type": "vehicle_part",
    "name": "gel lamp",
    "item": "glowie",
    "fuel_type": "battery",
    "symbol": "#",
    "broken_symbol": "x",
    "color": "cyan",
    "broken_color": "cyan",
    "durability": 200,
    "epower": 0,
    "bonus": 200,
    "damage_modifier": 10,
    "folded_volume": 1,
    "breaks_into": [ { "item": "glowiegrow" } ],
    "description": "A living, glowing blob.  It produces a bright light that illuminates a narrow cone outside the vehicle when turned on.  During installation, you can choose what direction to point the light, so multiple gel lamps can illuminate the sides or rear, as well as the front.",
    "requirements": { "install": { "time": "5 m" }, "repair": { "time": "1 m", "using": [ [ "blobrep", 1 ] ] } },
    "flags": [ "CONE_LIGHT", "FOLDABLE" ]
  },
  {
    "id": "gel_lamp_d",
    "type": "vehicle_part",
    "copy-from": "gel_lamp",
    "name": "directed gel lamp"
  },
  {
    "id": "gloople_amalgam",
    "type": "vehicle_part",
    "name": "gel retriever",
    "item": "gloople",
    "location": "under",
    "symbol": "R",
    "broken_symbol": ";",
    "color": "light_green",
    "broken_color": "light_green",
    "durability": 250,
    "epower": 0,
    "size": 300,
    "damage_modifier": 10,
    "folded_volume": 1,
    "description": "A living blob, formed to act as a scoop.  Use the vehicle controls to turn it on or off.  When turned on, it will scoop up any loose items that it travels over, putting them into the vehicle's storage.",
    "breaks_into": [ { "item": "glooplegrow" } ],
    "requirements": { "install": { "time": "5 m" }, "repair": { "time": "1 m", "using": [ [ "blobrep", 1 ] ] } },
    "flags": [ "SCOOP", "CARGO", "FOLDABLE" ]
  },
  {
    "copy-from": "gloople_belt",
    "id": "gloople_belt",
    "type": "vehicle_part",
    "name": "gel harness",
    "item": "gloople",
    "location": "on_seat",
    "symbol": ",",
    "broken_symbol": ",",
    "color": "light_green",
    "broken_color": "light_green",
    "durability": 250,
    "bonus": 25,
    "damage_modifier": 10,
    "folded_volume": 1,
    "description": "A living blob, reformed as a belt and attached to a seat.",
    "breaks_into": [ { "item": "glooplegrow" } ],
    "requirements": { "install": { "time": "5 m" }, "repair": { "time": "1 m", "using": [ [ "blobrep", 1 ] ] } },
    "flags": [ "SEATBELT", "FOLDABLE" ]
  },
  {
    "id": "gloople_cross",
    "type": "vehicle_part",
    "copy-from": "gloople_horizontal",
    "symbol": "c",
    "flags": [ "FOLDABLE", "MOUNTABLE", "INITIAL_PART" ]
  },
  {
    "copy-from": "gloople_tank",
    "id": "gloople_tank",
    "type": "vehicle_part",
    "name": "capsule (10L)",
    "item": "gloople_tank",
    "location": "fuel_source",
    "symbol": "O",
    "broken_symbol": "#",
    "color": "light_green",
    "broken_color": "light_green",
    "durability": 250,
    "size": 5000,
    "damage_modifier": 10,
    "folded_volume": 20,
    "breaks_into": [ { "item": "glooplegrow" } ],
    "description": "A living blob, formed into a storage space for holding liquids.  If filled with the appropriate fuel for the vehicle's engine, the engine will automatically draw fuel from the tank when the engine is on.  If filled with water, you can access the water from a water faucet, if one is installed in the vehicle.  You can also use a rubber hose to siphon liquids out of a tank.",
    "requirements": { "install": { "time": "5 m" }, "repair": { "time": "1 m", "using": [ [ "blobrep", 1 ] ] } },
    "flags": [ "FOLDABLE", "FLUIDTANK" ]
  },
  {
    "id": "gloople_tank_large",
    "type": "vehicle_part",
    "copy-from": "gloople_tank",
    "name": "gel tank (60L)",
    "item": "gloople_tank_large",
    "size": 60000,
    "folded_volume": 240
  },
  {
    "copy-from": "gloople_horizontal",
    "id": "gloople_horizontal",
    "type": "vehicle_part",
    "name": "gel framework",
    "item": "gloople",
    "location": "structure",
    "symbol": "h",
    "broken_symbol": "#",
    "color": "light_green",
    "broken_color": "light_green",
    "durability": 250,
    "damage_modifier": 10,
    "folded_volume": 1,
    "breaks_into": [ { "item": "glooplegrow" } ],
    "description": "A living blob, shaped to provide attachment points for other blobs.  Other vehicle components and blobs can be mounted on it.  If all the frames and components of a vehicle are foldable or made from blobs, the vehicle can be folding into a small package and picked up as a normal item.",
    "requirements": { "install": { "time": "5 m" }, "repair": { "time": "1 m", "using": [ [ "blobrep", 1 ] ] } },
    "flags": [ "FOLDABLE", "MOUNTABLE" ]
  },
  {
    "id": "gloople_horizontal_2",
    "type": "vehicle_part",
    "copy-from": "gloople_horizontal",
    "symbol": "="
  },
  {
    "id": "gloople_ne",
    "type": "vehicle_part",
    "copy-from": "gloople_horizontal",
    "symbol": "u"
  },
  {
    "id": "gloople_nw",
    "type": "vehicle_part",
    "copy-from": "gloople_horizontal",
    "symbol": "y"
  },
  {
    "copy-from": "gloople_plate",
    "id": "gloople_plate",
    "type": "vehicle_part",
    "name": "gel reinforcement",
    "item": "gloople",
    "location": "armor",
    "symbol": "X",
    "broken_symbol": "*",
    "color": "light_green",
    "broken_color": "light_green",
    "durability": 250,
    "damage_modifier": 10,
    "folded_volume": 1,
    "breaks_into": [ { "item": "glooplegrow" } ],
    "description": "A living blob, acting as armor plate.",
    "requirements": { "install": { "time": "5 m" }, "repair": { "time": "1 m", "using": [ [ "blobrep", 1 ] ] } },
    "flags": [ "ARMOR", "FOLDABLE" ]
  },
  {
    "copy-from": "gloople_roof",
    "id": "gloople_roof",
    "type": "vehicle_part",
    "name": "gel roof",
    "item": "gloople",
    "location": "roof",
    "symbol": "#",
    "broken_symbol": "#",
    "color": "light_green",
    "broken_color": "light_green",
    "durability": 250,
    "damage_modifier": 10,
    "folded_volume": 1,
    "breaks_into": [ { "item": "glooplegrow" } ],
    "description": "A living blob, placed as roof.",
    "requirements": { "install": { "time": "5 m" }, "repair": { "time": "1 m", "using": [ [ "blobrep", 1 ] ] } },
    "flags": [ "ROOF", "FOLDABLE" ]
  },
  {
    "id": "gloople_se",
    "type": "vehicle_part",
    "copy-from": "gloople_horizontal",
    "symbol": "n"
  },
  {
    "copy-from": "gloople_seat",
    "id": "gloople_seat",
    "type": "vehicle_part",
    "name": "gel seat",
    "item": "gloople",
    "location": "center",
    "symbol": "#",
    "broken_symbol": "*",
    "color": "light_green",
    "broken_color": "light_green",
    "durability": 250,
    "damage_modifier": 10,
    "folded_volume": 1,
    "breaks_into": [ { "item": "glooplegrow" } ],
    "description": "A living blob, formed into a comfy couch.  You can sit here.",
    "requirements": { "install": { "time": "5 m" }, "repair": { "time": "1 m", "using": [ [ "blobrep", 1 ] ] } },
    "flags": [ "SEAT", "BED", "BOARDABLE", "BELTABLE" ]
  },
  {
    "id": "gloople_sw",
    "type": "vehicle_part",
    "copy-from": "gloople_horizontal",
    "symbol": "b"
  },
  {
    "copy-from": "gloople_trunk",
    "id": "gloople_trunk",
    "type": "vehicle_part",
    "name": "gel receptacle",
    "item": "gloople",
    "location": "center",
    "symbol": "H",
    "broken_symbol": "#",
    "color": "light_green",
    "broken_color": "light_green",
    "durability": 250,
    "size": 400,
    "damage_modifier": 10,
    "folded_volume": 1,
    "breaks_into": [ { "item": "glooplegrow" } ],
    "description": "A living blob, shaped into a cargo space.",
    "requirements": { "install": { "time": "5 m" }, "repair": { "time": "1 m", "using": [ [ "blobrep", 1 ] ] } },
    "flags": [ "CARGO", "COVERED", "FOLDABLE" ]
  },
  {
    "id": "gloople_trunk_u",
    "type": "vehicle_part",
    "copy-from": "gloople_trunk",
    "name": "gel pouch (under)",
    "location": "under"
  },
  {
    "id": "gloople_vertical",
    "type": "vehicle_part",
    "copy-from": "gloople_horizontal",
    "symbol": "j"
  },
  {
    "id": "gloople_vertical_2",
    "type": "vehicle_part",
    "copy-from": "gloople_horizontal",
    "symbol": "H"
  },
  {
    "copy-from": "gloople_wheel",
    "id": "gloople_wheel",
    "type": "vehicle_part",
    "name": "gelatinous wheel",
    "item": "gloople_wheel",
    "location": "under",
    "symbol": "|",
    "broken_symbol": "x",
    "color": "light_green",
    "broken_color": "light_green",
    "durability": 250,
    "damage_modifier": 10,
    "folded_volume": 1,
    "description": "A living blob.  It acts as a wheel.",
    "breaks_into": [ { "item": "glooplegrow" }, { "item": "water", "count": [ 50, 100 ] } ],
    "requirements": { "install": { "time": "5 m" }, "repair": { "time": "1 m", "using": [ [ "blobrep", 1 ] ] } },
    "rolling_resistance": 1.75,
    "wheel_type": "standard",
    "contact_area": 153,
    "flags": [ "WHEEL", "FOLDABLE", "TRACKED" ]
  },
  {
    "copy-from": "gloopleaisle_horizontal",
    "id": "gloopleaisle_horizontal",
    "type": "vehicle_part",
    "name": "gel walkway",
    "item": "gloople",
    "location": "center",
    "symbol": "=",
    "broken_symbol": "#",
    "color": "light_green",
    "broken_color": "light_green",
    "durability": 250,
    "damage_modifier": 10,
    "folded_volume": 1,
    "description": "A living blob, formed into a walkway.",
    "breaks_into": [ { "item": "glooplegrow" } ],
    "requirements": { "install": { "time": "5 m" }, "repair": { "time": "1 m", "using": [ [ "blobrep", 1 ] ] } },
    "flags": [ "AISLE", "BOARDABLE", "FOLDABLE" ]
  },
  {
    "id": "gloopleaisle_vertical",
    "type": "vehicle_part",
    "copy-from": "gloopleaisle_horizontal",
    "symbol": "H"
  },
  {
    "copy-from": "gloopleboard_horizontal",
    "id": "gloopleboard_horizontal",
    "type": "vehicle_part",
    "name": "gel panel",
    "item": "gloople",
    "location": "center",
    "symbol": "h",
    "broken_symbol": "#",
    "color": "light_green",
    "broken_color": "light_green",
    "durability": 250,
    "damage_modifier": 10,
    "folded_volume": 1,
    "breaks_into": [ { "item": "glooplegrow" } ],
    "requirements": { "install": { "time": "5 m" }, "repair": { "time": "1 m", "using": [ [ "blobrep", 1 ] ] } },
    "flags": [ "OPAQUE", "OBSTACLE", "FOLDABLE", "FULL_BOARD" ]
  },
  {
    "id": "gloopleboard_ne",
    "type": "vehicle_part",
    "copy-from": "gloopleboard_horizontal",
    "symbol": "u"
  },
  {
    "id": "gloopleboard_nw",
    "type": "vehicle_part",
    "copy-from": "gloople_horizontal",
    "symbol": "y"
  },
  {
    "id": "gloopleboard_se",
    "type": "vehicle_part",
    "copy-from": "gloople_horizontal",
    "symbol": "n"
  },
  {
    "id": "gloopleboard_sw",
    "type": "vehicle_part",
    "copy-from": "gloople_horizontal",
    "symbol": "b"
  },
  {
    "id": "gloopleboard_vertical",
    "type": "vehicle_part",
    "copy-from": "gloople_horizontal",
    "symbol": "j"
  },
  {
    "copy-from": "gloopledoor",
    "id": "gloopledoor",
    "type": "vehicle_part",
    "name": "gel hatch",
    "item": "gloople",
    "location": "center",
    "symbol": "+",
    "broken_symbol": "&",
    "color": "light_green",
    "broken_color": "light_green",
    "durability": 250,
    "damage_modifier": 10,
    "folded_volume": 1,
    "breaks_into": [ { "item": "glooplegrow" } ],
    "description": "A living blob, acting as a door.  Has a transparent patch so you can see out of it, even when closed.",
    "requirements": { "install": { "time": "5 m" }, "repair": { "time": "1 m", "using": [ [ "blobrep", 1 ] ] } },
    "flags": [ "OBSTACLE", "OPENABLE", "BOARDABLE", "WINDOW", "FOLDABLE" ]
  },
  {
    "copy-from": "gloopledoor_opaque",
    "id": "gloopledoor_opaque",
    "type": "vehicle_part",
    "name": "opaque gel hatch",
    "item": "gloople",
    "location": "center",
    "symbol": "+",
    "broken_symbol": "&",
    "color": "light_green",
    "broken_color": "light_green",
    "durability": 250,
    "damage_modifier": 10,
    "folded_volume": 1,
    "breaks_into": [ { "item": "glooplegrow" } ],
    "description": "A living blob, acting as a door.  Entirely opaque so you can't see through it when closed.",
    "requirements": { "install": { "time": "5 m" }, "repair": { "time": "1 m", "using": [ [ "blobrep", 1 ] ] } },
    "flags": [ "OBSTACLE", "OPAQUE", "OPENABLE", "BOARDABLE", "FOLDABLE" ]
  },
  {
    "id": "glowie_battery",
    "type": "vehicle_part",
    "name": "gel battery",
    "item": "glowie",
    "location": "fuel_source",
    "fuel_type": "battery",
    "symbol": "#",
    "broken_symbol": "x",
    "color": "cyan",
    "broken_color": "cyan",
    "durability": 200,
    "damage_modifier": 10,
    "folded_volume": 1,
    "breaks_into": [ { "item": "glowiegrow" } ],
    "description": "A living, glowing blob.  Having been filled with electrical power, it stores that power and can release it to power other parts of the vehicle, allowing it to act as a storage battery.",
    "requirements": { "install": { "time": "5 m" }, "repair": { "time": "1 m", "using": [ [ "blobrep", 1 ] ] } },
    "flags": [ "FOLDABLE" ]
  },
  {
    "id": "glowie_battery_u",
    "type": "vehicle_part",
    "copy-from": "glowie_battery",
    "name": "gel battery (under)",
    "location": "under"
  },
  {
    "id": "glowie_power",
    "type": "vehicle_part",
    "name": "gel generator",
    "item": "glowie",
    "location": "center",
    "fuel_type": "bfeed",
    "symbol": "#",
    "broken_symbol": "x",
    "color": "cyan",
    "broken_color": "cyan",
    "durability": 200,
    "//": "Power is a multiplier on power efficiency - 1 unit is 100 units of battery or 100 kJ",
    "power": 50,
    "epower": 250,
    "bonus": 25,
    "damage_modifier": 10,
    "folded_volume": 1,
    "breaks_into": [ { "item": "glowiegrow" } ],
    "description": "A living, glowing blob.  It consumes blob feed and produces electrical power, allowing it to be used as a reactor.  It also glows, and can be turned on to illuminate several squares inside the vehicle.",
    "requirements": { "install": { "time": "5 m" }, "repair": { "time": "1 m", "using": [ [ "blobrep", 1 ] ] } },
    "flags": [ "REACTOR", "FOLDABLE", "ATOMIC_LIGHT", "ENABLED_DRAINS_EPOWER" ]
  },
  {
    "copy-from": "gray_amalgam",
    "id": "gray_amalgam",
    "type": "vehicle_part",
    "name": "gray retriever",
    "item": "gray",
    "location": "under",
    "symbol": "R",
    "broken_symbol": ";",
    "color": "light_gray",
    "broken_color": "light_gray",
    "durability": 1000,
    "epower": 0,
    "size": 800,
    "damage_modifier": 10,
    "folded_volume": 1,
    "breaks_into": [ { "item": "graygrow" } ],
    "requirements": { "install": { "time": "5 m" }, "repair": { "time": "1 m", "using": [ [ "blobrep", 1 ] ] } },
    "description": "A living blob, formed to act as a scoop.  Use the vehicle controls to turn it on or off.  When turned on, it will scoop up any loose items that it travels over, putting them into the vehicle's storage.",
    "flags": [ "SCOOP", "CARGO", "FOLDABLE" ]
  },
  {
    "copy-from": "gray_belt",
    "id": "gray_belt",
    "type": "vehicle_part",
    "name": "gray harness",
    "item": "gray",
    "location": "on_seat",
    "symbol": ",",
    "broken_symbol": ",",
    "color": "light_gray",
    "broken_color": "light_gray",
    "durability": 1000,
    "bonus": 50,
    "damage_modifier": 10,
    "folded_volume": 1,
    "description": "A living blob, reformed as a belt and attached to a seat.",
    "breaks_into": [ { "item": "graygrow" } ],
    "requirements": { "install": { "time": "5 m" }, "repair": { "time": "1 m", "using": [ [ "blobrep", 1 ] ] } },
    "flags": [ "SEATBELT", "FOLDABLE" ]
  },
  {
    "id": "gray_cross",
    "type": "vehicle_part",
    "copy-from": "gray_horizontal",
    "symbol": "c",
    "flags": [ "FOLDABLE", "MOUNTABLE", "INITIAL_PART" ]
  },
  {
    "copy-from": "gray_tank",
    "id": "gray_tank",
    "type": "vehicle_part",
    "name": "cocoon (30L)",
    "item": "gray_tank",
    "location": "fuel_source",
    "symbol": "O",
    "broken_symbol": "#",
    "color": "light_gray",
    "broken_color": "light_gray",
    "durability": 1000,
    "size": 10000,
    "damage_modifier": 10,
    "folded_volume": 40,
    "breaks_into": [ { "item": "graygrow" } ],
    "description": "A living blob, formed into a storage space for holding liquids.  If filled with the appropriate fuel for the vehicle's engine, the engine will automatically draw fuel from the tank when the engine is on.  If filled with water, you can access the water from a water faucet, if one is installed in the vehicle.  You can also use a rubber hose to siphon liquids out of a tank.",
    "requirements": { "install": { "time": "5 m" }, "repair": { "time": "1 m", "using": [ [ "blobrep", 1 ] ] } },
    "flags": [ "FOLDABLE", "FLUIDTANK" ]
  },
  {
    "id": "gray_tank_large",
    "type": "vehicle_part",
    "copy-from": "gray_tank",
    "name": "gray tank (100L)",
    "item": "gray_tank_large",
    "size": 100000,
    "folded_volume": 400
  },
  {
    "copy-from": "gray_horizontal",
    "id": "gray_horizontal",
    "type": "vehicle_part",
    "name": "gray frame",
    "item": "gray",
    "location": "structure",
    "symbol": "h",
    "broken_symbol": "#",
    "color": "light_gray",
    "broken_color": "light_gray",
    "durability": 1000,
    "damage_modifier": 10,
    "folded_volume": 1,
    "breaks_into": [ { "item": "graygrow" } ],
    "description": "A living blob, shaped to provide attachment points for other blobs.  Other vehicle components and blobs can be mounted on it.  If all the frames and components of a vehicle are foldable or made from blobs, the vehicle can be folding into a small package and picked up as a normal item.",
    "requirements": { "install": { "time": "5 m" }, "repair": { "time": "1 m", "using": [ [ "blobrep", 1 ] ] } },
    "flags": [ "FOLDABLE", "MOUNTABLE" ]
  },
  {
    "id": "gray_horizontal_2",
    "type": "vehicle_part",
    "copy-from": "gray_horizontal",
    "broken_symbol": "#"
  },
  {
    "id": "gray_ne",
    "type": "vehicle_part",
    "copy-from": "gray_horizontal",
    "symbol": "u"
  },
  {
    "id": "gray_nw",
    "type": "vehicle_part",
    "copy-from": "gray_horizontal",
    "symbol": "y"
  },
  {
    "copy-from": "gray_plate",
    "id": "gray_plate",
    "type": "vehicle_part",
    "name": "gray reinforcement",
    "item": "gray",
    "location": "armor",
    "symbol": "X",
    "broken_symbol": "*",
    "color": "light_gray",
    "broken_color": "light_gray",
    "durability": 1000,
    "damage_modifier": 10,
    "folded_volume": 1,
    "description": "A living blob, acting as armor plate.",
    "damage_reduction": { "all": 70, "cut": 95, "stab": 88 },
    "breaks_into": [ { "item": "graygrow" } ],
    "requirements": { "install": { "time": "5 m" }, "repair": { "time": "1 m", "using": [ [ "blobrep", 1 ] ] } },
    "flags": [ "ARMOR", "FOLDABLE" ]
  },
  {
    "copy-from": "gray_roof",
    "id": "gray_roof",
    "type": "vehicle_part",
    "name": "gray roof",
    "item": "gray",
    "location": "roof",
    "symbol": "#",
    "broken_symbol": "#",
    "color": "light_gray",
    "broken_color": "light_gray",
    "durability": 1000,
    "damage_modifier": 10,
    "folded_volume": 1,
    "breaks_into": [ { "item": "graygrow" } ],
    "description": "A living blob, placed as roof.",
    "requirements": { "install": { "time": "5 m" }, "repair": { "time": "1 m", "using": [ [ "blobrep", 1 ] ] } },
    "flags": [ "ROOF", "FOLDABLE" ]
  },
  {
    "id": "gray_se",
    "type": "vehicle_part",
    "copy-from": "gray_horizontal",
    "symbol": "n"
  },
  {
    "copy-from": "gray_seat",
    "id": "gray_seat",
    "type": "vehicle_part",
    "name": "gray seat",
    "item": "gray",
    "location": "center",
    "symbol": "#",
    "broken_symbol": "*",
    "color": "light_gray",
    "broken_color": "light_gray",
    "durability": 1000,
    "damage_modifier": 10,
    "folded_volume": 1,
    "breaks_into": [ { "item": "graygrow" } ],
    "description": "A living blob, formed into a comfy couch.  You can sit here.",
    "requirements": { "install": { "time": "5 m" }, "repair": { "time": "1 m", "using": [ [ "blobrep", 1 ] ] } },
    "flags": [ "SEAT", "BED", "BOARDABLE", "BELTABLE" ]
  },
  {
    "id": "gray_sw",
    "type": "vehicle_part",
    "copy-from": "gray_horizontal",
    "symbol": "b"
  },
  {
    "copy-from": "gray_trunk",
    "id": "gray_trunk",
    "type": "vehicle_part",
    "name": "gray receptacle",
    "item": "gray",
    "location": "center",
    "symbol": "H",
    "broken_symbol": "#",
    "color": "light_gray",
    "broken_color": "light_gray",
    "durability": 1000,
    "size": 1000,
    "damage_modifier": 10,
    "folded_volume": 1,
    "breaks_into": [ { "item": "graygrow" } ],
    "description": "A living blob, shaped into a cargo space.",
    "requirements": { "install": { "time": "5 m" }, "repair": { "time": "1 m", "using": [ [ "blobrep", 1 ] ] } },
    "flags": [ "CARGO", "COVERED", "FOLDABLE" ]
  },
  {
    "id": "gray_trunk_u",
    "type": "vehicle_part",
    "copy-from": "gray_trunk",
    "name": "gray pouch (under)",
    "location": "under"
  },
  {
    "id": "gray_vertical",
    "type": "vehicle_part",
    "copy-from": "gray_horizontal",
    "symbol": "j"
  },
  {
    "id": "gray_vertical_2",
    "type": "vehicle_part",
    "copy-from": "gray_horizontal",
    "symbol": "H"
  },
  {
    "copy-from": "gray_wheel",
    "id": "gray_wheel",
    "type": "vehicle_part",
    "name": "gray wheel",
    "item": "gray_wheel",
    "location": "under",
    "symbol": "|",
    "broken_symbol": "x",
    "color": "light_gray",
    "broken_color": "light_gray",
    "durability": 1000,
    "damage_modifier": 10,
    "folded_volume": 1,
    "description": "A living blob.  It acts as a wheel.",
    "breaks_into": [ { "item": "graygrow" }, { "item": "water", "count": [ 100, 200 ] } ],
    "requirements": { "install": { "time": "5 m" }, "repair": { "time": "1 m", "using": [ [ "blobrep", 1 ] ] } },
    "rolling_resistance": 1.25,
    "wheel_type": "standard",
    "contact_area": 153,
    "flags": [ "WHEEL", "FOLDABLE", "TRACKED" ]
  },
  {
    "copy-from": "grayaisle_horizontal",
    "id": "grayaisle_horizontal",
    "type": "vehicle_part",
    "name": "gray walkway",
    "item": "gray",
    "location": "center",
    "symbol": "=",
    "broken_symbol": "#",
    "color": "light_gray",
    "broken_color": "light_gray",
    "durability": 1000,
    "damage_modifier": 10,
    "folded_volume": 1,
    "description": "A living blob, formed into a walkway.",
    "breaks_into": [ { "item": "graygrow" } ],
    "requirements": { "install": { "time": "5 m" }, "repair": { "time": "1 m", "using": [ [ "blobrep", 1 ] ] } },
    "flags": [ "AISLE", "BOARDABLE", "FOLDABLE" ]
  },
  {
    "id": "grayaisle_vertical",
    "type": "vehicle_part",
    "copy-from": "grayaisle_horizontal",
    "symbol": "H"
  },
  {
    "copy-from": "grayboard_horizontal",
    "id": "grayboard_horizontal",
    "type": "vehicle_part",
    "name": "gray wall",
    "item": "gray",
    "location": "center",
    "symbol": "h",
    "broken_symbol": "#",
    "color": "light_gray",
    "broken_color": "light_gray",
    "durability": 1000,
    "damage_modifier": 10,
    "folded_volume": 1,
    "breaks_into": [ { "item": "graygrow" } ],
    "description": "A living blob, formed into a vehicle wall.  Keeps zombies outside the vehicle and prevents people from seeing through it.",
    "requirements": { "install": { "time": "5 m" }, "repair": { "time": "1 m", "using": [ [ "blobrep", 1 ] ] } },
    "flags": [ "OPAQUE", "OBSTACLE", "FOLDABLE", "FULL_BOARD" ]
  },
  {
    "id": "grayboard_ne",
    "type": "vehicle_part",
    "copy-from": "grayboard_horizontal",
    "symbol": "u"
  },
  {
    "id": "grayboard_nw",
    "type": "vehicle_part",
    "copy-from": "grayboard_horizontal",
    "symbol": "y"
  },
  {
    "id": "grayboard_se",
    "type": "vehicle_part",
    "copy-from": "grayboard_horizontal",
    "symbol": "n"
  },
  {
    "id": "grayboard_sw",
    "type": "vehicle_part",
    "copy-from": "grayboard_horizontal",
    "symbol": "b"
  },
  {
    "id": "grayboard_vertical",
    "type": "vehicle_part",
    "copy-from": "grayboard_horizontal",
    "symbol": "j"
  },
  {
    "copy-from": "graydoor",
    "id": "graydoor",
    "type": "vehicle_part",
    "name": "gray hatch",
    "item": "gray",
    "location": "center",
    "symbol": "+",
    "broken_symbol": "&",
    "color": "light_gray",
    "broken_color": "light_gray",
    "durability": 1000,
    "damage_modifier": 10,
    "folded_volume": 1,
    "breaks_into": [ { "item": "graygrow" } ],
    "description": "A living blob, acting as a door.  Has a transparent patch so you can see out of it, even when closed.",
    "requirements": { "install": { "time": "5 m" }, "repair": { "time": "1 m", "using": [ [ "blobrep", 1 ] ] } },
    "flags": [ "OBSTACLE", "OPENABLE", "BOARDABLE", "WINDOW", "FOLDABLE" ]
  },
  {
    "copy-from": "graydoor_opaque",
    "id": "graydoor_opaque",
    "type": "vehicle_part",
    "name": "opaque gray hatch",
    "item": "gray",
    "location": "center",
    "symbol": "+",
    "broken_symbol": "&",
    "color": "light_gray",
    "broken_color": "light_gray",
    "durability": 1000,
    "damage_modifier": 10,
    "folded_volume": 1,
    "breaks_into": [ { "item": "graygrow" } ],
    "description": "A living blob, acting as a door.  Entirely opaque so you can't see through it when closed.",
    "requirements": { "install": { "time": "5 m" }, "repair": { "time": "1 m", "using": [ [ "blobrep", 1 ] ] } },
    "flags": [ "OBSTACLE", "OPAQUE", "OPENABLE", "BOARDABLE", "FOLDABLE" ]
  },
  {
    "copy-from": "grinder",
    "id": "grinder",
    "type": "vehicle_part",
    "name": "earthen roller",
    "item": "grinder",
    "location": "structure",
    "symbol": "O",
    "broken_symbol": "#",
    "color": "brown",
    "broken_color": "brown",
    "durability": 2500,
    "damage_modifier": 250,
    "folded_volume": 1,
    "breaks_into": [ { "item": "gray" } ],
    "requirements": { "install": { "time": "5 m" }, "repair": { "time": "1 m", "using": [ [ "blobrep", 1 ] ] } },
    "rolling_resistance": 6,
    "wheel_type": "rigid",
    "contact_area": 500,
    "flags": [ "WHEEL", "FOLDABLE", "PROTRUSION", "STABLE", "TRACKED" ]
  },
  {
    "copy-from": "halfgloopleboard_horizontal",
    "id": "halfgloopleboard_horizontal",
    "type": "vehicle_part",
    "name": "gel quarterpanel",
    "item": "gloople",
    "location": "center",
    "symbol": "h",
    "broken_symbol": "#",
    "color": "light_green",
    "broken_color": "light_green",
    "durability": 250,
    "damage_modifier": 10,
    "folded_volume": 1,
    "breaks_into": [ { "item": "glooplegrow" } ],
    "description": "A living blob, formed into a half-height vehicle wall.  Keeps zombies outside the vehicle but allows people to see over it.",
    "requirements": { "install": { "time": "5 m" }, "repair": { "time": "1 m", "using": [ [ "blobrep", 1 ] ] } },
    "flags": [ "OBSTACLE", "FOLDABLE", "HALF_BOARD" ]
  },
  {
    "id": "halfgloopleboard_horizontal_2",
    "type": "vehicle_part",
    "copy-from": "halfgloopleboard_horizontal",
    "symbol": "="
  },
  {
    "id": "halfgloopleboard_ne",
    "type": "vehicle_part",
    "copy-from": "halfgloopleboard_horizontal",
    "symbol": "u"
  },
  {
    "id": "halfgloopleboard_nw",
    "type": "vehicle_part",
    "copy-from": "halfgloopleboard_horizontal",
    "symbol": "y"
  },
  {
    "id": "halfgloopleboard_se",
    "type": "vehicle_part",
    "copy-from": "halfgloopleboard_horizontal",
    "symbol": "n"
  },
  {
    "id": "halfgloopleboard_sw",
    "type": "vehicle_part",
    "copy-from": "halfgloopleboard_horizontal",
    "symbol": "b"
  },
  {
    "id": "halfgloopleboard_vertical",
    "type": "vehicle_part",
    "copy-from": "halfgloopleboard_horizontal",
    "symbol": "j"
  },
  {
    "id": "halfgloopleboard_vertical_2",
    "type": "vehicle_part",
    "copy-from": "halfgloopleboard_horizontal",
    "symbol": "H"
  },
  {
    "copy-from": "halfgrayboard_horizontal",
    "id": "halfgrayboard_horizontal",
    "type": "vehicle_part",
    "name": "gray barricade",
    "item": "gray",
    "location": "center",
    "symbol": "h",
    "broken_symbol": "#",
    "color": "light_gray",
    "broken_color": "light_gray",
    "durability": 1000,
    "damage_modifier": 10,
    "folded_volume": 1,
    "breaks_into": [ { "item": "graygrow" } ],
    "description": "A living blob, formed into a half-height vehicle wall.  Keeps zombies outside the vehicle but allows people to see over it.",
    "requirements": { "install": { "time": "5 m" }, "repair": { "time": "1 m", "using": [ [ "blobrep", 1 ] ] } },
    "flags": [ "OBSTACLE", "FOLDABLE", "HALF_BOARD" ]
  },
  {
    "id": "halfgrayboard_horizontal_2",
    "type": "vehicle_part",
    "copy-from": "halfgrayboard_horizontal",
    "symbol": "="
  },
  {
    "id": "halfgrayboard_ne",
    "type": "vehicle_part",
    "copy-from": "halfgrayboard_horizontal",
    "symbol": "u"
  },
  {
    "id": "halfgrayboard_nw",
    "type": "vehicle_part",
    "copy-from": "halfgrayboard_horizontal",
    "symbol": "y"
  },
  {
    "id": "halfgrayboard_se",
    "type": "vehicle_part",
    "copy-from": "halfgrayboard_horizontal",
    "symbol": "n"
  },
  {
    "id": "halfgrayboard_sw",
    "type": "vehicle_part",
    "copy-from": "halfgrayboard_horizontal",
    "symbol": "b"
  },
  {
    "id": "halfgrayboard_vertical",
    "type": "vehicle_part",
    "copy-from": "halfgrayboard_horizontal",
    "symbol": "j"
  },
  {
    "id": "halfgrayboard_vertical_2",
    "type": "vehicle_part",
    "copy-from": "halfgrayboard_horizontal",
    "symbol": "H"
  },
  {
    "copy-from": "halfoozleboard_horizontal",
    "id": "halfoozleboard_horizontal",
    "type": "vehicle_part",
    "name": "ooze screen",
    "item": "oozle",
    "location": "center",
    "symbol": "h",
    "broken_symbol": "#",
    "color": "green",
    "broken_color": "green",
    "durability": 500,
    "damage_modifier": 10,
    "folded_volume": 1,
    "breaks_into": [ { "item": "oozlegrow" } ],
    "description": "A living blob, formed into a half-height vehicle wall.  Keeps zombies outside the vehicle but allows people to see over it.",
    "requirements": { "install": { "time": "5 m" }, "repair": { "time": "1 m", "using": [ [ "blobrep", 1 ] ] } },
    "flags": [ "OBSTACLE", "FOLDABLE", "HALF_BOARD" ]
  },
  {
    "id": "halfoozleboard_horizontal_2",
    "type": "vehicle_part",
    "copy-from": "halfoozleboard_horizontal",
    "symbol": "="
  },
  {
    "id": "halfoozleboard_ne",
    "type": "vehicle_part",
    "copy-from": "halfoozleboard_horizontal",
    "symbol": "u"
  },
  {
    "id": "halfoozleboard_nw",
    "type": "vehicle_part",
    "copy-from": "halfoozleboard_horizontal",
    "symbol": "y"
  },
  {
    "id": "halfoozleboard_se",
    "type": "vehicle_part",
    "copy-from": "halfoozleboard_horizontal",
    "symbol": "n"
  },
  {
    "id": "halfoozleboard_sw",
    "type": "vehicle_part",
    "copy-from": "halfoozleboard_horizontal",
    "symbol": "b"
  },
  {
    "id": "halfoozleboard_vertical",
    "type": "vehicle_part",
    "copy-from": "halfoozleboard_horizontal",
    "symbol": "j"
  },
  {
    "id": "halfoozleboard_vertical_2",
    "type": "vehicle_part",
    "copy-from": "halfoozleboard_horizontal",
    "symbol": "H"
  },
  {
    "id": "horror",
    "type": "vehicle_part",
    "name": "blobsaw",
    "item": "horror",
    "location": "center",
    "symbol": "t",
    "broken_symbol": "#",
    "color": "blue",
    "broken_color": "blue",
    "durability": 1000,
    "damage_modifier": 10,
    "folded_volume": 1,
    "breaks_into": [ { "item": "horrorgrow" } ],
    "requirements": { "install": { "time": "5 m" }, "repair": { "time": "1 m", "using": [ [ "blobrep", 1 ] ] } },
    "flags": [ "TURRET", "FOLDABLE", "OBSTACLE" ]
  },
  {
    "id": "inkie",
    "type": "vehicle_part",
    "name": "fuel puffer",
    "item": "inkie",
    "location": "on_roof",
    "symbol": "t",
    "broken_symbol": "#",
    "color": "brown",
    "broken_color": "brown",
    "durability": 200,
    "damage_modifier": 10,
    "folded_volume": 1,
    "breaks_into": [ { "item": "inkiegrow" } ],
    "requirements": { "install": { "time": "5 m" }, "repair": { "time": "1 m", "using": [ [ "blobrep", 1 ] ] } },
    "flags": [ "TURRET", "FOLDABLE", "USE_TANKS" ]
  },
  {
    "id": "meltie",
    "type": "vehicle_part",
    "name": "acid puffer",
    "item": "meltie",
    "location": "on_roof",
    "symbol": "t",
    "broken_symbol": "#",
    "color": "light_red",
    "broken_color": "light_red",
    "durability": 200,
    "damage_modifier": 10,
    "folded_volume": 1,
    "breaks_into": [ { "item": "meltiegrow" } ],
    "requirements": { "install": { "time": "5 m" }, "repair": { "time": "1 m", "using": [ [ "blobrep", 1 ] ] } },
    "flags": [ "TURRET", "FOLDABLE", "USE_TANKS" ]
  },
  {
    "copy-from": "oozle_amalgam",
    "id": "oozle_amalgam",
    "type": "vehicle_part",
    "name": "ooze retriever",
    "item": "oozle",
    "location": "under",
    "symbol": "R",
    "broken_symbol": ";",
    "color": "green",
    "broken_color": "green",
    "durability": 600,
    "epower": 0,
    "size": 400,
    "damage_modifier": 10,
    "folded_volume": 1,
    "breaks_into": [ { "item": "oozlegrow" } ],
    "requirements": { "install": { "time": "5 m" }, "repair": { "time": "1 m", "using": [ [ "blobrep", 1 ] ] } },
    "description": "A living blob, formed to act as a scoop.  Use the vehicle controls to turn it on or off.  When turned on, it will scoop up any loose items that it travels over, putting them into the vehicle's storage.",
    "flags": [ "SCOOP", "CARGO", "FOLDABLE" ]
  },
  {
    "copy-from": "oozle_belt",
    "id": "oozle_belt",
    "type": "vehicle_part",
    "name": "ooze harness",
    "item": "oozle",
    "location": "on_seat",
    "symbol": ",",
    "broken_symbol": ",",
    "color": "green",
    "broken_color": "green",
    "durability": 500,
    "bonus": 35,
    "damage_modifier": 10,
    "folded_volume": 1,
    "description": "A living blob, reformed as a belt and attached to a seat.",
    "breaks_into": [ { "item": "oozlegrow" } ],
    "requirements": { "install": { "time": "5 m" }, "repair": { "time": "1 m", "using": [ [ "blobrep", 1 ] ] } },
    "flags": [ "SEATBELT", "FOLDABLE" ]
  },
  {
    "id": "oozle_cross",
    "type": "vehicle_part",
    "copy-from": "oozle_horizontal",
    "symbol": "c",
    "flags": [ "FOLDABLE", "MOUNTABLE", "INITIAL_PART" ]
  },
  {
    "copy-from": "oozle_tank",
    "id": "oozle_tank",
    "type": "vehicle_part",
    "name": "pod (20L)",
    "item": "oozle_tank",
    "location": "fuel_source",
    "symbol": "O",
    "broken_symbol": "#",
    "color": "green",
    "broken_color": "green",
    "durability": 500,
    "size": 7500,
    "damage_modifier": 10,
    "folded_volume": 30,
    "breaks_into": [ { "item": "oozlegrow" } ],
    "requirements": { "install": { "time": "5 m" }, "repair": { "time": "1 m", "using": [ [ "blobrep", 1 ] ] } },
    "description": "A living blob, formed into a storage space for holding liquids.  If filled with the appropriate fuel for the vehicle's engine, the engine will automatically draw fuel from the tank when the engine is on.  If filled with water, you can access the water from a water faucet, if one is installed in the vehicle.  You can also use a rubber hose to siphon liquids out of a tank.",
    "flags": [ "FOLDABLE", "FLUIDTANK" ]
  },
  {
    "id": "oozle_tank_large",
    "type": "vehicle_part",
    "copy-from": "oozle_tank",
    "name": "ooze tank (80L)",
    "item": "oozle_tank_large",
    "size": 8000,
    "folded_volume": 320
  },
  {
    "copy-from": "oozle_horizontal",
    "id": "oozle_horizontal",
    "type": "vehicle_part",
    "name": "ooze chassis",
    "item": "oozle",
    "location": "structure",
    "symbol": "h",
    "broken_symbol": "#",
    "color": "green",
    "broken_color": "green",
    "durability": 500,
    "damage_modifier": 10,
    "folded_volume": 1,
    "breaks_into": [ { "item": "oozlegrow" } ],
    "requirements": { "install": { "time": "5 m" }, "repair": { "time": "1 m", "using": [ [ "blobrep", 1 ] ] } },
    "description": "A living blob, shaped to provide attachment points for other blobs.  Other vehicle components and blobs can be mounted on it.  If all the frames and components of a vehicle are foldable or made from blobs, the vehicle can be folding into a small package and picked up as a normal item.",
    "flags": [ "FOLDABLE", "MOUNTABLE" ]
  },
  {
    "id": "oozle_horizontal_2",
    "type": "vehicle_part",
    "copy-from": "oozle_horizontal",
    "symbol": "="
  },
  {
    "id": "oozle_ne",
    "type": "vehicle_part",
    "copy-from": "oozle_horizontal",
    "symbol": "u"
  },
  {
    "id": "oozle_nw",
    "type": "vehicle_part",
    "copy-from": "oozle_horizontal",
    "symbol": "y"
  },
  {
    "copy-from": "oozle_plate",
    "id": "oozle_plate",
    "type": "vehicle_part",
    "name": "ooze reinforcement",
    "item": "oozle",
    "location": "armor",
    "symbol": "X",
    "broken_symbol": "*",
    "color": "green",
    "broken_color": "green",
    "durability": 500,
    "damage_modifier": 10,
    "folded_volume": 1,
    "breaks_into": [ { "item": "oozlegrow" } ],
    "description": "A living blob, acting as armor plate.",
    "requirements": { "install": { "time": "5 m" }, "repair": { "time": "1 m", "using": [ [ "blobrep", 1 ] ] } },
    "flags": [ "ARMOR", "FOLDABLE" ]
  },
  {
    "copy-from": "oozle_roof",
    "id": "oozle_roof",
    "type": "vehicle_part",
    "name": "ooze roof",
    "item": "oozle",
    "location": "roof",
    "symbol": "#",
    "broken_symbol": "#",
    "color": "green",
    "broken_color": "light_green",
    "durability": 500,
    "damage_modifier": 10,
    "folded_volume": 1,
    "breaks_into": [ { "item": "oozlegrow" } ],
    "description": "A living blob, placed as roof.",
    "requirements": { "install": { "time": "5 m" }, "repair": { "time": "1 m", "using": [ [ "blobrep", 1 ] ] } },
    "flags": [ "ROOF", "FOLDABLE" ]
  },
  {
    "id": "oozle_se",
    "type": "vehicle_part",
    "copy-from": "oozle_horizontal",
    "symbol": "n"
  },
  {
    "copy-from": "oozle_seat",
    "id": "oozle_seat",
    "type": "vehicle_part",
    "name": "ooze seat",
    "item": "oozle",
    "location": "center",
    "symbol": "#",
    "broken_symbol": "*",
    "color": "green",
    "broken_color": "green",
    "durability": 500,
    "damage_modifier": 10,
    "folded_volume": 1,
    "breaks_into": [ { "item": "oozlegrow" } ],
    "description": "A living blob, formed into a comfy couch.  You can sit here.",
    "requirements": { "install": { "time": "5 m" }, "repair": { "time": "1 m", "using": [ [ "blobrep", 1 ] ] } },
    "flags": [ "SEAT", "BED", "BOARDABLE", "BELTABLE" ]
  },
  {
    "id": "oozle_sw",
    "type": "vehicle_part",
    "copy-from": "oozle_horizontal",
    "symbol": "b"
  },
  {
    "copy-from": "oozle_trunk",
    "id": "oozle_trunk",
    "type": "vehicle_part",
    "name": "ooze receptacle",
    "item": "oozle",
    "location": "center",
    "symbol": "H",
    "broken_symbol": "#",
    "color": "green",
    "broken_color": "green",
    "durability": 500,
    "size": 800,
    "damage_modifier": 10,
    "folded_volume": 1,
    "breaks_into": [ { "item": "oozlegrow" } ],
    "description": "A living blob, shaped into a cargo space.",
    "requirements": { "install": { "time": "5 m" }, "repair": { "time": "1 m", "using": [ [ "blobrep", 1 ] ] } },
    "flags": [ "CARGO", "COVERED", "FOLDABLE" ]
  },
  {
    "id": "oozle_trunk_u",
    "type": "vehicle_part",
    "copy-from": "oozle_trunk",
    "name": "ooze pouch (under)",
    "location": "under"
  },
  {
    "id": "oozle_vertical",
    "type": "vehicle_part",
    "copy-from": "oozle_horizontal",
    "symbol": "j"
  },
  {
    "id": "oozle_vertical_2",
    "type": "vehicle_part",
    "copy-from": "oozle_horizontal",
    "symbol": "H"
  },
  {
    "copy-from": "oozle_wheel",
    "id": "oozle_wheel",
    "type": "vehicle_part",
    "name": "oozing wheel",
    "item": "oozle_wheel",
    "location": "under",
    "symbol": "|",
    "broken_symbol": "x",
    "color": "green",
    "broken_color": "green",
    "durability": 500,
    "damage_modifier": 10,
    "folded_volume": 1,
    "breaks_into": [ { "item": "oozlegrow" }, { "item": "water", "count": [ 100, 200 ] } ],
    "requirements": { "install": { "time": "5 m" }, "repair": { "time": "1 m", "using": [ [ "blobrep", 1 ] ] } },
    "rolling_resistance": 1.5,
    "wheel_type": "standard",
    "contact_area": 153,
    "flags": [ "WHEEL", "FOLDABLE", "TRACKED" ]
  },
  {
    "copy-from": "oozleaisle_horizontal",
    "id": "oozleaisle_horizontal",
    "type": "vehicle_part",
    "name": "ooze walkway",
    "item": "oozle",
    "location": "center",
    "symbol": "=",
    "broken_symbol": "#",
    "color": "green",
    "broken_color": "green",
    "durability": 500,
    "damage_modifier": 10,
    "folded_volume": 1,
    "breaks_into": [ { "item": "oozlegrow" } ],
    "description": "A living blob, formed into a walkway.",
    "requirements": { "install": { "time": "5 m" }, "repair": { "time": "1 m", "using": [ [ "blobrep", 1 ] ] } },
    "flags": [ "AISLE", "BOARDABLE", "FOLDABLE" ]
  },
  {
    "id": "oozleaisle_vertical",
    "type": "vehicle_part",
    "copy-from": "oozleaisle_horizontal",
    "symbol": "H"
  },
  {
    "copy-from": "oozleboard_horizontal",
    "id": "oozleboard_horizontal",
    "type": "vehicle_part",
    "name": "ooze barrier",
    "item": "oozle",
    "location": "center",
    "symbol": "h",
    "broken_symbol": "#",
    "color": "green",
    "broken_color": "green",
    "durability": 500,
    "damage_modifier": 10,
    "folded_volume": 1,
    "breaks_into": [ { "item": "oozlegrow" } ],
    "description": "A living blob, formed into a vehicle wall.  Keeps zombies outside the vehicle and prevents people from seeing through it.",
    "requirements": { "install": { "time": "5 m" }, "repair": { "time": "1 m", "using": [ [ "blobrep", 1 ] ] } },
    "flags": [ "OPAQUE", "OBSTACLE", "FOLDABLE", "FULL_BOARD" ]
  },
  {
    "id": "oozleboard_ne",
    "type": "vehicle_part",
    "copy-from": "oozleboard_horizontal",
    "symbol": "u"
  },
  {
    "id": "oozleboard_nw",
    "type": "vehicle_part",
    "copy-from": "oozleboard_horizontal",
    "symbol": "y"
  },
  {
    "id": "oozleboard_se",
    "type": "vehicle_part",
    "copy-from": "oozleboard_horizontal",
    "symbol": "n"
  },
  {
    "id": "oozleboard_sw",
    "type": "vehicle_part",
    "copy-from": "oozleboard_horizontal",
    "symbol": "b"
  },
  {
    "id": "oozleboard_vertical",
    "type": "vehicle_part",
    "copy-from": "oozleboard_horizontal",
    "symbol": "j"
  },
  {
    "copy-from": "oozledoor",
    "id": "oozledoor",
    "type": "vehicle_part",
    "name": "ooze hatch",
    "item": "oozle",
    "location": "center",
    "symbol": "+",
    "broken_symbol": "&",
    "color": "green",
    "broken_color": "green",
    "durability": 500,
    "damage_modifier": 10,
    "folded_volume": 1,
    "breaks_into": [ { "item": "oozlegrow" } ],
    "description": "A living blob, acting as a door.  Has a transparent patch so you can see out of it, even when closed.",
    "requirements": { "install": { "time": "5 m" }, "repair": { "time": "1 m", "using": [ [ "blobrep", 1 ] ] } },
    "flags": [ "OBSTACLE", "OPENABLE", "BOARDABLE", "WINDOW", "FOLDABLE" ]
  },
  {
    "copy-from": "oozledoor_opaque",
    "id": "oozledoor_opaque",
    "type": "vehicle_part",
    "name": "opaque ooze hatch",
    "item": "oozle",
    "location": "center",
    "symbol": "+",
    "broken_symbol": "&",
    "color": "green",
    "broken_color": "green",
    "durability": 500,
    "damage_modifier": 10,
    "folded_volume": 1,
    "breaks_into": [ { "item": "oozlegrow" } ],
    "description": "A living blob, acting as a door.  Entirely opaque so you can't see through it when closed.",
    "requirements": { "install": { "time": "5 m" }, "repair": { "time": "1 m", "using": [ [ "blobrep", 1 ] ] } },
    "flags": [ "OBSTACLE", "OPAQUE", "OPENABLE", "BOARDABLE", "FOLDABLE" ]
  },
  {
    "copy-from": "queen",
    "id": "queen",
    "type": "vehicle_part",
    "name": "amorphous core",
    "item": "queen",
    "location": "center",
    "fuel_type": "bfeedfuel",
    "symbol": "O",
    "broken_symbol": "#",
    "color": "red",
    "broken_color": "red",
    "durability": 1000,
    "power": 223800,
    "energy_consumption": 600000,
    "m2c": 65,
    "noise_factor": 5,
    "epower": -1,
    "damage_modifier": 10,
    "folded_volume": 1,
    "breaks_into": [ { "item": "queengrow" } ],
    "requirements": { "install": { "time": "5 m" }, "repair": { "time": "1 m", "using": [ [ "blobrep", 1 ] ] } },
    "description": "An amorphous mass, the living heart and brain of a blob vehicle.",
    "flags": [
      "BOARDABLE",
      "BELTABLE",
      "FOLDABLE",
      "ENGINE",
      "CONTROLS",
      "CTRL_ELECTRONIC",
      "SEAT",
      "BED",
      "E_ALTERNATOR",
      "E_STARTS_INSTANTLY",
      "E_HIGHER_SKILL",
      "TURRET_MOUNT"
    ]
  },
  {
    "copy-from": "blob_turret_mount",
    "id": "blob_turret_mount",
    "type": "vehicle_part",
    "name": "inert core",
    "item": "queen",
    "looks_like": "turret_mount",
    "symbol": "X",
    "color": "red",
    "broken_symbol": "X",
    "broken_color": "red",
    "damage_modifier": 8,
    "durability": 400,
    "folded_volume": 1,
    "description": "A sleeping amorphous core, acting as a rotating, universal mount for a weapon.  If your hands are empty, you can stand next to a tentacle and 'f'ire the weapon by selecting the tile.",
    "breaks_into": [ { "item": "queengrow" } ],
    "requirements": { "install": { "time": "5 m" }, "repair": { "time": "1 m", "using": [ [ "blobrep", 1 ] ] } },
    "flags": [ "TURRET_MOUNT", "FOLDABLE" ]
  },
  {
    "id": "spouterqueen",
    "type": "vehicle_part",
    "name": "gel spouter",
    "item": "spouterqueen",
    "location": "on_roof",
    "looks_like": "clutter",
    "symbol": "t",
    "broken_symbol": "#",
    "color": "red",
    "broken_color": "red",
    "durability": 200,
    "damage_modifier": 10,
    "folded_volume": 1,
    "breaks_into": [ { "item": "queengrow" } ],
    "description": "A living blob turned into a heavy vehicle weapon.",
    "requirements": { "install": { "time": "5 m" }, "repair": { "time": "1 m", "using": [ [ "blobrep", 1 ] ] } },
    "flags": [ "TURRET", "FOLDABLE", "USE_TANKS" ]
  },
  {
    "id": "razorqueen",
    "type": "vehicle_part",
    "name": "gel spiker",
    "item": "razorqueen",
    "location": "on_roof",
    "symbol": "t",
    "broken_symbol": "#",
    "color": "cyan",
    "broken_color": "cyan",
    "durability": 200,
    "damage_modifier": 10,
    "folded_volume": 1,
    "breaks_into": [ { "item": "razorqueengrow" } ],
    "description": "A living blob turned into a heavy vehicle weapon.",
    "requirements": { "install": { "time": "5 m" }, "repair": { "time": "1 m", "using": [ [ "blobrep", 1 ] ] } },
    "flags": [ "TURRET", "FOLDABLE" ]
  },
  {
    "id": "sharp",
    "type": "vehicle_part",
    "name": "gel lancer",
    "item": "sharp",
    "location": "on_roof",
    "symbol": "t",
    "broken_symbol": "#",
    "color": "light_blue",
    "broken_color": "light_blue",
    "durability": 200,
    "damage_modifier": 10,
    "folded_volume": 1,
    "breaks_into": [ { "item": "sharpgrow" } ],
    "description": "A living blob turned into a heavy vehicle weapon.",
    "requirements": { "install": { "time": "5 m" }, "repair": { "time": "1 m", "using": [ [ "blobrep", 1 ] ] } },
    "flags": [ "TURRET", "FOLDABLE" ]
  },
  {
    "id": "gelrazor",
    "type": "vehicle_part",
    "name": "gel razor",
    "item": "gelrazor",
    "location": "on_roof",
    "symbol": "t",
    "broken_symbol": "#",
    "color": "blue",
    "broken_color": "blue",
    "durability": 200,
    "damage_modifier": 10,
    "folded_volume": 1,
    "breaks_into": [ { "item": "sicklegrow" } ],
    "description": "A living blob turned into a heavy vehicle weapon.",
    "requirements": { "install": { "time": "5 m" }, "repair": { "time": "1 m", "using": [ [ "blobrep", 1 ] ] } },
    "flags": [ "TURRET", "FOLDABLE" ]
  },
  {
    "id": "sparkie",
    "type": "vehicle_part",
    "name": "shock bulb",
    "item": "sparkie",
    "location": "on_roof",
    "symbol": "t",
    "broken_symbol": "#",
    "color": "cyan",
    "broken_color": "cyan",
    "durability": 200,
    "damage_modifier": 10,
    "folded_volume": 1,
    "breaks_into": [ { "item": "sparkiegrow" } ],
    "description": "A living blob turned into a heavy vehicle weapon.",
    "requirements": { "install": { "time": "5 m" }, "repair": { "time": "1 m", "using": [ [ "blobrep", 1 ] ] } },
    "flags": [ "TURRET", "FOLDABLE" ]
  },
  {
    "id": "stickie",
    "type": "vehicle_part",
    "name": "gel puffer",
    "item": "stickie",
    "location": "on_roof",
    "symbol": "t",
    "broken_symbol": "#",
    "color": "yellow",
    "broken_color": "yellow",
    "durability": 200,
    "damage_modifier": 10,
    "folded_volume": 1,
    "breaks_into": [ { "item": "stickiegrow" } ],
    "description": "A living blob turned into a heavy vehicle weapon.",
    "requirements": { "install": { "time": "5 m" }, "repair": { "time": "1 m", "using": [ [ "blobrep", 1 ] ] } },
    "flags": [ "TURRET", "FOLDABLE", "USE_TANKS" ]
  },
  {
    "id": "torchie",
    "type": "vehicle_part",
    "name": "fire puffer",
    "item": "torchie",
    "location": "on_roof",
    "symbol": "t",
    "broken_symbol": "#",
    "color": "light_red",
    "broken_color": "light_red",
    "durability": 200,
    "damage_modifier": 10,
    "folded_volume": 1,
    "breaks_into": [ { "item": "torchiegrow" } ],
    "description": "A living blob turned into a heavy vehicle weapon.",
    "requirements": { "install": { "time": "5 m" }, "repair": { "time": "1 m", "using": [ [ "blobrep", 1 ] ] } },
    "flags": [ "TURRET", "FOLDABLE", "USE_TANKS" ]
  },
  {
    "id": "voideater",
    "type": "vehicle_part",
    "name": "spark blight",
    "item": "voideater",
    "location": "on_roof",
    "symbol": "t",
    "broken_symbol": "#",
    "color": "cyan",
    "broken_color": "cyan",
    "durability": 200,
    "damage_modifier": 10,
    "folded_volume": 1,
    "breaks_into": [ { "item": "voideatergrow" } ],
    "description": "A living blob turned into a heavy vehicle weapon.",
    "requirements": { "install": { "time": "5 m" }, "repair": { "time": "1 m", "using": [ [ "blobrep", 1 ] ] } },
    "flags": [ "TURRET", "FOLDABLE" ]
  },
  {
    "id": "biter",
    "type": "GUN",
    "name": "biting blob",
    "description": "A living blob turned into an autonomous weapon; meant to be stretched across a frame as a form of barrier.  It has evolved the ability to constantly generate calcified protrusions which are then controlled by sinuous tensile strands.  These \"teeth\" can then be used to latch and wound anything unfortunate enough to be nearby.  The outer membrane has also become significantly thicker in order to support its more strenuous movement; though it seems pliable enough to pull apart…",
    "weight": "1800 g",
    "volume": "500 ml",
    "to_hit": -5,
    "bashing": 10,
    "material": [ "flesh" ],
    "symbol": "&",
    "color": "blue",
    "ammo": "bfeed",
    "skill": "launcher",
    "range": 1,
    "ranged_damage": 15,
    "pierce": 15,
    "sight_dispersion": 150,
    "durability": 10,
    "modes": [ [ "DEFAULT", "semi-auto", 1 ], [ "AUTO", "auto", 5 ] ],
    "clip_size": 50,
    "ammo_effects": [ "WIDE" ],
    "flags": [ "NEVER_JAMS" ]
  },
  {
    "id": "clutter",
    "type": "GUN",
    "name": "gel shooter",
    "description": "A living blob turned into an autonomous weapon.  It trawls the ground for material, which it then strips of nutrition.  The remainder is then expelled out at significant velocity towards any nearby threats.  The amorphous mass can be shaped and attached at your touch, but the weapon itself is inert without something to control it.  It seems pliable enough to pull apart…",
    "weight": "1800 g",
    "volume": "500 ml",
    "to_hit": -5,
    "bashing": 10,
    "material": [ "flesh", "bone" ],
    "symbol": "&",
    "color": "magenta",
    "ammo": "bfeed",
    "skill": "pistol",
    "range": 12,
    "ranged_damage": 7,
    "dispersion": 450,
    "sight_dispersion": 150,
    "durability": 10,
    "clip_size": 10,
    "flags": [ "NEVER_JAMS" ]
  },
  {
    "id": "freezie",
    "type": "GUN",
    "name": "frost lancer",
    "description": "A living blob turned into an autonomous weapon.  A biological aberration that exists at sub-zero temperatures.  After filtering nutrients from the water, it freezes the remainder into an incredibly sharp spear of ice; which it then launches at nearby threats.  The amorphous mass can be shaped and attached at your touch, but the weapon itself is inert without something to control it.",
    "weight": "1800 g",
    "volume": "500 ml",
    "to_hit": -5,
    "bashing": 10,
    "material": [ "flesh" ],
    "symbol": "&",
    "color": "light_blue",
    "ammo": "water",
    "skill": "launcher",
    "range": 30,
    "ranged_damage": 50,
    "pierce": 10,
    "dispersion": 450,
    "sight_dispersion": 150,
    "durability": 10,
    "clip_size": 100,
    "ammo_effects": [ "WIDE" ],
    "flags": [ "NEVER_JAMS", "NO_RELOAD", "FIRE_20" ]
  },
  {
    "id": "frostie",
    "type": "TOOL",
    "category": "tools",
    "name": "gelacier",
    "description": "A biological mystery, this blob's internal structures exist in within a pool of low-density fluid that remains liquid despite being in a super-cooled state; yet possesses all the malleability of its former self.  Fragments of frost continually flake off it.  It seems pliable enough to pull apart…",
    "weight": "1800 g",
    "volume": "500 ml",
    "price": 500,
    "to_hit": -3,
    "bashing": 9,
    "material": [ "flesh" ],
    "symbol": "]",
    "color": "light_blue"
  },
  {
    "id": "fuzzle",
    "type": "GUN",
    "name": "snapping ooze",
    "description": "A living blob turned into an autonomous weapon.  A baffling mutation in an already baffling creature, this blob is encased in a thick coat of fur, which serves as a form of protection.  In addition, it is capable of projecting rows of calcified sharp fragments in a manner mimicking the jaw of a more recognizable creature.  The amorphous mass can be shaped and attached at your touch, but the weapon itself is inert without something to control it.",
    "weight": "1800 g",
    "volume": "500 ml",
    "to_hit": -5,
    "bashing": 10,
    "material": [ "flesh" ],
    "symbol": "&",
    "color": "brown",
    "ammo": "bfeed",
    "skill": "launcher",
    "range": 2,
    "ranged_damage": 30,
    "pierce": 20,
    "sight_dispersion": 150,
    "durability": 10,
    "modes": [ [ "DEFAULT", "semi-auto", 1 ], [ "AUTO", "auto", 5 ] ],
    "clip_size": 50,
    "ammo_effects": [ "WIDE" ],
    "flags": [ "NEVER_JAMS" ]
  },
  {
    "copy-from": "gloople",
    "id": "gloople",
    "type": "TOOL",
    "category": "tools",
    "name": "gelatinous mass",
    "name_plural": "gelatinous mass",
    "description": "An experiment gone horribly right.  While the original intent was to combine the structure of a bone frame with the impact absorption of the blob; the blob seems to have completely consumed the bone.  Instead, what remains is an amorphous mass of goo with what seems to be numerous thin filaments floating within.  With a bit of effort, you can grasp the fibers and stretch the mass into a multitude of shapes.  The mass is able to retain the new shape even under force, though the mass yields at your touch.  With enough strength, you think you can pull it apart.",
    "weight": "1800 g",
    "volume": "500 ml",
    "price": 100,
    "to_hit": -2,
    "material": [ "flesh" ],
    "symbol": ";",
    "color": "light_green",
    "ammo": "bfeed",
    "max_charges": 250,
    "charges_per_use": 250,
    "qualities": [ [ "JACK", 2 ] ],
    "use_action": {
      "target": "gloople_act",
      "msg": "You fumble as the blob starts to multiply rapidly!",
      "target_charges": 7,
      "active": true,
      "moves": 250,
      "type": "transform"
    }
  },
  {
    "copy-from": "gray",
    "id": "gray",
    "type": "TOOL",
    "category": "tools",
    "name": "gray mass",
    "name_plural": "gray mass",
    "description": "This internal structures of this creature have developed significantly.  While retaining the resilience and malleability of its once simpler form, it has gained the considerable abilities of perception and stimulus response.  When directly threatened, it is able to shift and alter its microfibers, hardening its membrane to an almost steel-hard shell.  You can still pull it apart with enough force.  It's also really gray.",
    "weight": "1800 g",
    "volume": "500 ml",
    "price": 100,
    "to_hit": -2,
    "material": [ "flesh" ],
    "symbol": ";",
    "color": "light_gray",
    "ammo": "bfeed",
    "max_charges": 250,
    "charges_per_use": 250,
    "qualities": [ [ "JACK", 8 ] ],
    "use_action": {
      "target": "gray_act",
      "msg": "You fumble as the blob starts to multiply rapidly!",
      "target_charges": 3,
      "active": true,
      "moves": 250,
      "type": "transform"
    }
  },
  {
    "copy-from": "horror",
    "id": "horror",
    "type": "GUN",
    "name": "blobsaw",
    "description": "A living blob turned into an autonomous weapon; meant to be stretched across a frame as a form of barrier.  While its simpler cousins have a limit to the number of keratinous protrusions they can project and control; this blob can utilize hundreds of these sharp fangs to shred anything it detects as a threat into unrecognizable ribbons.  The amorphous mass can be shaped and attached at your touch, but the weapon itself is inert without something to control it.",
    "weight": "1800 g",
    "volume": "500 ml",
    "to_hit": -5,
    "bashing": 10,
    "material": [ "flesh" ],
    "symbol": "&",
    "color": "blue",
    "ammo": "bfeed",
    "skill": "launcher",
    "range": 2,
    "ranged_damage": 15,
    "pierce": 15,
    "sight_dispersion": 150,
    "durability": 10,
    "modes": [ [ "DEFAULT", "semi-auto", 1 ], [ "AUTO", "auto", 20 ] ],
    "clip_size": 240,
    "ammo_effects": [ "WIDE" ],
    "flags": [ "NEVER_JAMS" ]
  },
  {
    "copy-from": "inkie",
    "id": "inkie",
    "type": "GUN",
    "name": "fuel puffer",
    "//": "God Dangit Blobby.",
    "description": "A living blob turned into an autonomous weapon.  A rather picky eater, it feeds on chemicals found within gasoline.  The digestion process turns the result incredibly viscous which, when threats come near, is launched; ensnaring anything it hits.  The amorphous mass can be shaped and attached at your touch, but the weapon itself is inert without something to control it.",
    "weight": "1800 g",
    "volume": "500 ml",
    "to_hit": -5,
    "bashing": 10,
    "material": [ "flesh" ],
    "symbol": "&",
    "color": "brown",
    "ammo": "gasoline",
    "skill": "launcher",
    "range": 12,
    "ranged_damage": 5,
    "dispersion": 450,
    "sight_dispersion": 150,
    "durability": 10,
    "clip_size": 250,
    "ammo_effects": [ "JET", "BEANBAG", "BLINDS_EYES", "RECOVER_100", "WIDE", "CUSTOM_EXPLOSION" ],
    "flags": [ "NEVER_JAMS", "FIRE_20" ]
  },
  {
    "copy-from": "meltie",
    "id": "meltie",
    "type": "GUN",
    "name": "acid puffer",
    "description": "A living blob turned into an autonomous weapon.  A filter feeder, the digestion process produces highly acidic byproducts; which is then expelled at any nearby enemies.  The amorphous mass can be shaped and attached at your touch, but the weapon itself is inert without something to control it.",
    "weight": "1800 g",
    "volume": "500 ml",
    "to_hit": -5,
    "bashing": 10,
    "material": [ "flesh" ],
    "symbol": "&",
    "color": "light_red",
    "ammo": "water",
    "skill": "launcher",
    "range": 12,
    "ranged_damage": 5,
    "dispersion": 900,
    "sight_dispersion": 150,
    "durability": 10,
    "clip_size": 250,
    "ammo_effects": [ "JET", "ACID_BOMB", "WIDE" ],
    "flags": [ "NEVER_JAMS", "FIRE_20" ]
  },
  {
    "copy-from": "oozle",
    "id": "oozle",
    "type": "TOOL",
    "category": "tools",
    "name": "oozing mass",
    "name_plural": "oozing mass",
    "description": "An amorphous mass that has undergone a significant growth.  In addition to the increased amount of goo and sinuous filaments, it seems to have started developing other internal structures.  Like its smaller counterpart, it can be shaped into various structures; albeit with significantly greater tensile strength due to the increased number of supporting filaments.  You believe you can split it apart with enough force.",
    "weight": "1800 g",
    "volume": "500 ml",
    "price": 100,
    "to_hit": -2,
    "material": [ "flesh" ],
    "symbol": ";",
    "color": "green",
    "ammo": "bfeed",
    "max_charges": 250,
    "charges_per_use": 250,
    "qualities": [ [ "JACK", 4 ] ],
    "use_action": {
      "target": "oozle_act",
      "msg": "You fumble as the blob starts to multiply rapidly!",
      "target_charges": 5,
      "active": true,
      "moves": 250,
      "type": "transform"
    }
  },
  {
    "copy-from": "queen",
    "id": "queen",
    "type": "GENERIC",
    "name": "amorphous heart",
    "description": "This amorphous mass seems to have finished developing; its advanced internal structures testifying to that.  It is capable of locomotion through internal hydraulic pressure, capable of moving substantial loads, and, in an astounding display of intelligence, is capable of manipulating anything it's attached to, whether blob-based or otherwise, through extended pseudopods.  You think you might be able to manipulate it, and through it, all its attached parts.  Though to do so you'll have to position yourself to be in contact with it; and it appears unnervingly willing to accommodate you…",
    "weight": "1800 g",
    "volume": "500 ml",
    "to_hit": -5,
    "bashing": 10,
    "material": [ "flesh" ],
    "symbol": ")",
    "color": "red"
  },
  {
    "copy-from": "razorqueen",
    "id": "razorqueen",
    "type": "GUN",
    "name": "gel spiker",
    "description": "A living blob turned into an autonomous weapon.  Capable of calcifying large numbers of fang-like fragments within itself.  It hurls groups of these fragments along with a small portion of itself.  When it reaches its destination, the detached remains shoot these fragments in all directions, expiring in the process.  The amorphous mass can be shaped and attached at your touch, but the weapon itself is inert without something to control it.",
    "weight": "1800 g",
    "volume": "500 ml",
    "to_hit": -5,
    "bashing": 10,
    "material": [ "flesh" ],
    "symbol": "&",
    "color": "cyan",
    "ammo": "bfeed",
    "skill": "rifle",
    "range": 18,
    "ranged_damage": 40,
    "pierce": 30,
    "dispersion": 900,
    "sight_dispersion": 150,
    "durability": 10,
    "clip_size": 250,
    "ammo_effects": [ "FRAG", "WIDE" ],
    "flags": [ "NEVER_JAMS", "FIRE_20" ]
  },
  {
    "copy-from": "spouterqueen",
    "id": "spouterqueen",
    "type": "GUN",
    "name": "gel spouter",
    "description": "A living blob turned into an autonomous weapon.  It can suck in water from a vehicle tank, and forcibly expel it in a wide cone.  The amorphous mass can be shaped and attached at your touch, but the weapon itself is inert without something to control it.",
    "weight": "1800 g",
    "volume": "500 ml",
    "to_hit": -5,
    "bashing": 10,
    "material": [ "flesh" ],
    "looks_like": "razorqueen",
    "symbol": ")",
    "color": "red",
    "ammo": "water",
    "skill": "launcher",
    "range": 60,
    "ranged_damage": 10,
    "sight_dispersion": 150,
    "durability": 10,
    "clip_size": 1000,
    "ammo_effects": [ "WIDE", "ACT_ON_RANGED_HIT", "RECOVER_100", "NO_EMBED", "CUSTOM_EXPLOSION" ],
    "qualities": [ [ "JACK", 12 ] ],
    "flags": [ "NEVER_JAMS", "FIRE_100" ]
  },
  {
    "copy-from": "sharp",
    "id": "sharp",
    "type": "GUN",
    "name": "gel lancer",
    "description": "A living blob turned into an autonomous weapon.  Evolving incredible abilities of perception, it is capable of locating and discerning possible threats within a large radius.  When a potential threat is located, it fires a small, calcified projectile with incredible speed and accuracy.  The amorphous mass can be shaped and attached at your touch, but the weapon itself is inert without something to control it.",
    "weight": "1800 g",
    "volume": "500 ml",
    "to_hit": -5,
    "bashing": 10,
    "material": [ "flesh" ],
    "symbol": "&",
    "color": "light_blue",
    "ammo": "bfeed",
    "skill": "pistol",
    "range": 16,
    "ranged_damage": 8,
    "pierce": 5,
    "sight_dispersion": 150,
    "durability": 10,
    "modes": [ [ "DEFAULT", "semi-auto", 1 ], [ "AUTO", "auto", 3 ] ],
    "clip_size": 36,
    "flags": [ "NEVER_JAMS" ]
  },
  {
    "copy-from": "gelrazor",
    "id": "gelrazor",
    "type": "GUN",
    "name": "gel razor",
    "description": "A living blob turned into an autonomous weapon.  An enhanced metabolism allows it to calcify large, toothy discs which are then launched towards any nearby threats.  The amorphous mass can be shaped and attached at your touch, but the weapon itself is inert without something to control it.",
    "weight": "1800 g",
    "volume": "500 ml",
    "to_hit": -5,
    "bashing": 10,
    "material": [ "flesh", "bone" ],
    "symbol": "&",
    "color": "blue",
    "ammo": "bfeed",
    "skill": "rifle",
    "range": 12,
    "ranged_damage": 20,
    "pierce": 10,
    "sight_dispersion": 150,
    "durability": 10,
    "clip_size": 20,
    "ammo_effects": [ "BOUNCE", "WIDE" ],
    "flags": [ "NEVER_JAMS" ]
  },
  {
    "copy-from": "sparkie",
    "id": "sparkie",
    "type": "GUN",
    "name": "shock bulb",
    "description": "A living blob turned into an autonomous weapon.  Shockingly, it somehow is able to project electricity, which it then discharges at any nearby threats.  The amorphous mass can be shaped and attached at your touch, but the weapon itself is inert without something to control it.",
    "weight": "1800 g",
    "volume": "500 ml",
    "to_hit": -5,
    "bashing": 10,
    "material": [ "flesh" ],
    "symbol": "&",
    "color": "cyan",
    "skill": "launcher",
    "range": 8,
    "ranged_damage": 30,
    "sight_dispersion": 150,
    "durability": 10,
    "ups_charges": 19,
    "ammo_effects": [ "LIGHTNING", "BEANBAG", "WIDE" ],
    "flags": [ "NEVER_JAMS" ]
  },
  {
    "copy-from": "stickie",
    "id": "stickie",
    "type": "GUN",
    "name": "gel puffer",
    "description": "A living blob turned into an autonomous weapon.  A filter feeder, it strips any water it processes of nutrients and expels the remainder towards any nearby threats.  The process of filter-feeding also makes the remaining liquid viscous, though it also dissipates fairly quickly.  The amorphous mass can be shaped and attached at your touch, but the weapon itself is inert without something to control it.",
    "weight": "1800 g",
    "volume": "500 ml",
    "to_hit": -5,
    "bashing": 10,
    "material": [ "flesh" ],
    "symbol": "&",
    "color": "yellow",
    "ammo": "water",
    "skill": "launcher",
    "range": 12,
    "ranged_damage": 5,
    "dispersion": 900,
    "sight_dispersion": 150,
    "durability": 10,
    "clip_size": 500,
    "ammo_effects": [ "JET", "BEANBAG", "WIDE" ],
    "flags": [ "NEVER_JAMS", "FIRE_20" ]
  },
  {
    "copy-from": "torchie",
    "id": "torchie",
    "type": "GUN",
    "name": "fire puffer",
    "//": "Need a light?",
    "description": "A living blob turned into an autonomous weapon.  A rather picky eater, it feeds on chemicals found within gasoline.  The digested material is still highly flammable, and when launched, also activates an ignition gland located on the outer membrane.  The amorphous mass can be shaped and attached at your touch, but the weapon itself is inert without something to control it.",
    "weight": "1800 g",
    "volume": "500 ml",
    "to_hit": -5,
    "bashing": 10,
    "material": [ "flesh" ],
    "symbol": "&",
    "color": "light_red",
    "ammo": "gasoline",
    "skill": "launcher",
    "range": 12,
    "ranged_damage": 5,
    "dispersion": 450,
    "sight_dispersion": 150,
    "durability": 10,
    "modes": [ [ "DEFAULT", "semi-auto", 1 ], [ "AUTO", "auto", 3 ] ],
    "clip_size": 180,
    "ammo_effects": [ "INCENDIARY", "FLARE", "WIDE", "STREAM" ],
    "flags": [ "NEVER_JAMS", "FIRE_20" ]
  },
  {
    "copy-from": "voideater",
    "id": "voideater",
    "type": "GUN",
    "name": "spark blight",
    "description": "A living blob turned into an autonomous weapon.  It is capable of storing energy from sunlight inside itself in the form of electricity.  Then, in a truly baffling show of force, projects a highly concentrated stream of electricity towards any possible threats.  The amorphous mass can be shaped and attached at your touch, but the weapon itself is inert without something to control it.",
    "weight": "1800 g",
    "volume": "500 ml",
    "to_hit": -5,
    "bashing": 10,
    "material": [ "flesh" ],
    "symbol": "&",
    "color": "cyan",
    "skill": "launcher",
    "range": 12,
    "ranged_damage": 80,
    "sight_dispersion": 150,
    "durability": 10,
    "ups_charges": 199,
    "ammo_effects": [ "LIGHTNING", "EXPLOSIVE", "WIDE" ],
    "flags": [ "NEVER_JAMS" ]
  },
  {
    "copy-from": "voideatergrow",
    "id": "voideatergrow",
    "type": "TOOL",
    "category": "tools",
    "name": "growing electrified mass",
    "name_plural": "growing electrified mass",
    "description": "Not quite fully grown, this blob requires nourishment to fully develop.",
    "weight": "900 g",
    "volume": "100 ml",
    "price": 100,
    "to_hit": -2,
    "material": [ "flesh" ],
    "symbol": ";",
    "color": "cyan",
    "flags": [ "ALLOWS_REMOTE_USE" ],
    "use_action": {
      "target": "voideater",
      "msg": "The blob balloons to full size.",
      "type": "delayed_transform",
      "transform_age": 3600,
      "not_ready_msg": "Whatever it's doing, it's not done yet."
    }
  }
]
