[
  {
    "type": "construction",
    "id": "constr_place_gate",
    "description": "Place Translocator Gate",
    "category": "FURN",
    "required_skills": [ [ "fabrication", 0 ] ],
    "time": "1 m",
    "components": [ [ [ "voideater", 1 ] ] ],
    "pre_special": "check_empty",
    "post_terrain": "f_magiclysm_translocator_gate"
  },
  {
    "type": "construction",
    "id": "constr_blob_downstair",
    "description": "Dig Downstair",
    "category": "DIG",
    "required_skills": [ [ "fabrication", 0 ] ],
    "time": "1 h",
    "components": [ [ [ "gloople", 5 ] ] ],
    "pre_special": "check_down_OK",
    "post_special": "done_dig_stair"
  },
  {
    "type": "construction",
    "id": "constr_blob_upstair",
    "description": "Mine Upstair",
    "category": "DIG",
    "required_skills": [ [ "fabrication", 0 ] ],
    "time": "1 h",
    "components": [ [ [ "gloople", 5 ] ] ],
    "pre_special": "check_up_OK",
    "post_special": "done_mine_upstair"
  },
  {
    "type": "construction",
    "id": "constr_water_blob",
    "description": "Build Blob Water Well",
    "category": "CONSTRUCT",
    "required_skills": [ [ "fabrication", 0 ] ],
    "time": "30 m",
    "components": [ [ [ "gloople", 1 ] ] ],
    "pre_terrain": "t_pit",
    "post_terrain": "t_water_pump"
  },
  {
    "type": "construction",
    "id": "constr_cleanwater_blob",
    "description": "Build Blob Water Purifier",
    "category": "CONSTRUCT",
    "required_skills": [ [ "fabrication", 0 ] ],
    "time": "30 m",
    "components": [ [ [ "queen", 1 ] ] ],
    "pre_terrain": "t_pit",
    "post_terrain": "t_water_dispenser"
  },
  {
    "type": "construction",
    "id": "constr_saltwater_blob",
    "description": "Build Blob Saline Extractor",
    "category": "CONSTRUCT",
    "required_skills": [ [ "fabrication", 0 ] ],
    "time": "30 m",
    "components": [ [ [ "gray", 1 ] ] ],
    "pre_terrain": "t_pit",
    "post_terrain": "t_swater_sh"
  },
  {
    "type": "construction",
    "id": "constr_blobodoc",
    "description": "Build Blobodoc",
    "category": "FURN",
    "required_skills": [ [ "cooking", 8 ] ],
    "time": "3 h",
    "components": [ [ [ "queen", 1 ] ] ],
    "post_terrain": "f_autodoc"
  },
  {
    "type": "construction",
    "id": "constr_blobodoc_couch",
    "description": "Build Blobodoc-Couch",
    "category": "FURN",
    "required_skills": [ [ "cooking", 6 ] ],
    "time": "30 m",
    "components": [ [ [ "gloople", 1 ] ] ],
    "post_terrain": "f_autodoc_couch"
  },
  {
    "type": "furniture",
    "copy-from": "f_magiclysm_translocator_gate",
    "id": "f_magiclysm_translocator_gate",
    "name": "Translocator Gate",
    "move_cost_mod": 0,
    "symbol": "X",
    "description": "A gate for translocation.  Cast the translocation spell or use a translocator to choose this gate as a destination. This one seems unusually... Slimy.",
    "color": "light_gray",
    "required_str": 25,
    "flags": [ "TRANSLOCATOR", "MOUNTABLE", "ALLOW_FIELD_EFFECT", "TOOL_NONE", "EASY_DECONSTRUCT" ],
    "examine_action": "translocator",
    "deconstruct": { "items": [ { "item": "voideater", "count": 1 } ] }
  },
  {
    "type": "furniture",
    "id": "voidgate",
    "name": "Voideater Translocator Gate",
    "looks_like": "f_magiclysm_translocator_gate",
    "move_cost_mod": 0,
    "symbol": "X",
    "description": "Works just fine, apparently.",
    "color": "light_gray",
    "required_str": 25,
    "flags": [ "TRANSLOCATOR", "MOUNTABLE", "ALLOW_FIELD_EFFECT" ],
    "examine_action": "translocator",
    "deconstruct": { "items": [ { "item": "voidgateitem", "count": 1 } ] }
  },
  {
    "id": "voidgateitem",
    "type": "TOOL",
    "name": { "str": "pantsonhead" },
    "description": "Apparently works fine, when deployed.",
    "weight": "1000 g",
    "volume": "2500 ml",
    "price": 5000,
    "to_hit": -4,
    "bashing": 3,
    "looks_like": "rollmat",
    "material": [ "steel" ],
    "symbol": "#",
    "color": "light_gray",
    "use_action": { "type": "deploy_furn", "furn_type": "voidgate" }
  }
]
