[
  {
    "abstract": "glowie_alternator",
    "type": "vehicle_part",
    "fuel_type": "battery",
    "symbol": "#",
    "color": "cyan",
    "broken_color": "cyan",
    "requirements": { "install": { "time": "5 m" }, "repair": { "time": "1 m", "using": [ [ "blobrep", 1 ] ] } },
    "flags": [ "ALTERNATOR" ]
  },
  {
    "type": "vehicle_part",
    "id": "slimehorn",
    "name": "slime horn",
    "symbol": "*",
    "color": "light_gray",
    "broken_symbol": "*",
    "broken_color": "red",
    "damage_modifier": 10,
    "durability": 300,
    "description": "A powerful slime horn... VERY powerful. Use the vehicle controls and select the honk option to make noise, and consider ear protection first.",
    "bonus": 500,
    "item": "gray",
    "folded_volume": 1,
    "requirements": { "install": { "time": "5 m" }, "repair": { "time": "1 m", "using": [ [ "blobrep", 1 ] ] } },
    "flags": [ "HORN", "TOOL_NONE", "FOLDABLE" ],
    "breaks_into": [ { "item": "graygrow", "prob": 90 } ]
  },
  {
    "type": "vehicle_part",
    "id": "slime_by_wire_controls",
    "name": "slime by wire controls",
    "symbol": "$",
    "color": "light_green",
    "broken_symbol": "$",
    "broken_color": "red",
    "damage_modifier": 10,
    "durability": 200,
    "description": "A sophisticated set of gelectronic controls that allow you to control the vehicle from a vehicle remote while you are not in it.  You can 'e'xamine the tile to access the controls, or use the vehicle control key (default '^').",
    "item": "glowie",
    "folded_volume": 1,
    "requirements": { "install": { "time": "5 m" }, "repair": { "time": "1 m", "using": [ [ "blobrep", 1 ] ] } },
    "flags": [ "CONTROLS", "REMOTE_CONTROLS", "TOOL_NONE", "FOLDABLE" ],
    "breaks_into": [ { "item": "glowiegrow", "prob": 90 } ]
  },
    {
    "id": "slimestock",
    "type": "GENERIC",
    "name": "slimestock stall",
    "description": "A heavy frame outfitted with tie-downs and attachment points for carrying cargo, with additional railings to keep a large animal in place.  It is meant to hold large animals for transport.  Use it on a suitable animal to capture, use it on an empty tile to release.",
    "weight": "9600 g",
    "volume": "1000 ml",
    "price": 48000,
    "category": "veh_parts",
    "material": [ "slime"],
    "symbol": "]",
    "color": "light_gray",
    "folded_volume": 1,
    "looks_like": "cargo_rack",
    "properties": [ [ "monster_size_capacity", "HUGE" ] ],
    "use_action": "CAPTURE_MONSTER_VEH",
    "flags": [ "TRADER_AVOID", "USE_PART_ITEM", "TOOL_NONE", "FOLDABLE" ]
  },
    {
    "id": "blob_rack",
    "type": "vehicle_part",
    "name": { "str": "blob rack" },
    "item": "gloople",
    "location": "anywhere",
    "symbol": "=",
    "broken_symbol": "#",
    "color": "light_gray",
    "broken_color": "dark_gray",
    "durability": 150,
    "folded_volume": 1,
    "description": "A shaped blob for supporting a bike or other small vehicle and carrying it on your vehicle.  Move a single tile wide vehicle so that all of that vehicle's tiles are next to bike racks, and then 'e'xamine any bike rack to mount that vehicle onto the bike rack.  'e'xamine the bike rack to unmount the carried vehicle.",
    "requirements": { "install": { "time": "5 m" }, "repair": { "time": "1 m", "using": [ [ "blobrep", 1 ] ] } },    
    "flags": [ "BIKE_RACK_VEH", "MULTISQUARE", "TOOL_NONE", "FOLDABLE" ],
    "damage_reduction": { "all": 10 }
  },
    {
    "type": "vehicle_part",
    "id": "slimestock_stall",
    "name": "slimestock stall",
    "symbol": "=",
    "color": "light_gray",
    "looks_like": "cargo_space",
    "broken_symbol": "#",
    "broken_color": "dark_gray",
    "durability": 250,
    "description": "A slimey cargo space for carrying livestock.  'e'xamine it to capture an animal next to you, or to release the animal currently contained.  When selecting an animal to capture, choose its tile relative to you, not the part. That means, if you're standing to the right of the stall when you activate it, and what you want to capture is down relative to the stall, it's down-right for you.",
    "size": 2000,
    "item": "slimestock",
    "location": "center",
    "folded_volume": 1,
    "requirements": { "install": { "time": "5 m" }, "repair": { "time": "1 m", "using": [ [ "blobrep", 1 ] ] } },    "flags": [ "BOARDABLE", "CARGO", "COVERED", "CAPTURE_MONSTER_VEH", "FOLDABLE", "TOOL_NONE" ],
    "damage_reduction": { "all": 30 }
  },
  {
    "type": "vehicle_part",
    "id": "door_motor_blob",
    "name": "slime motor",
    "symbol": "*",
    "color": "light_green",
    "broken_symbol": "#",
    "broken_color": "light_gray",
    "damage_modifier": 10,
    "durability": 50,
    "description": "A small gelectric motor.  Installed on the same frame as a door or curtain, it will allow you to remotely open the door or curtain from the vehicle controls.",
    "item": "glowie",
    "folded_volume": 1,
    "requirements": { "install": { "time": "5 m" }, "repair": { "time": "5 m", "using": [ [ "blobrep", 1 ] ] } },
    "flags": [ "DOOR_MOTOR", "TOOL_NONE", "FOLDABLE" ],
    "breaks_into": [ { "item": "glowiegrow" } ],
    "damage_reduction": { "all": 12 }
  },
  {
    "id": "BlobGrinder",
    "type": "vehicle_part",
    "name": "Horror Drill",
    "item": "horror",
    "location": "structure",
    "symbol": "&",
    "broken_symbol": "x",
    "color": "light_gray",
    "broken_color": "light_gray",
    "looks_like": "crane_medium",
    "damage_modifier": 100,
    "durability": 500,
    "description": "A horror repurposed as a vehicle-grinder. This one is designed to tunnel through terrain... If you ever wanted to make some underground tunnels to make quick paths through otherwise dense, twisty cities, this is for you. Not effective against trees or constructed furniture. Requires an engine of some form to run.",
    "folded_volume": 5,
    "power": 0,
    "breaks_into": [ { "item": "horrorgrow", "prob": 90 } ],
    "transform_terrain": { "pre_flags": [ "MINEABLE" ], "post_terrain": "don't used" },
    "requirements": { "install": { "time": "5 m" }, "repair": { "time": "1 m", "using": [ [ "blobrep", 1 ] ] } },
    "flags": [ "PROTRUSION", "ROADHEAD", "CRASH_TERRAIN_AROUND", "TOOL NONE", "FOLDABLE" ],
    "damage_reduction": { "all": 132 }
  },
  {
    "type": "furniture",
    "id": "slime_butcher_deployed",
    "name": "slime butchering rack",
    "looks_like": "f_butcher_rack",
    "description": "Blobby butchering rack designed to hang a carcass in the air.  It can be deconstructed and folded for easy transportation.",
    "symbol": "^",
    "bgcolor": "light_gray",
    "move_cost_mod": 2,
    "crafting_pseudo_item": "fakeslime",
    "required_str": -1,
    "deployed_item": "slime_butcher_rack",
    "examine_action": "deployed_furniture",
    "flags": [ "PLACE_ITEM", "TRANSPARENT", "MOUNTABLE", "ALLOW_FIELD_EFFECT", "FLAT_SURF", "TOOL_NONE", "BUTCHER_EQ" ],
    "qualities": [ [ "SAW_M", 2 ], [ "SAW_W", 2 ], [ "SAW_M_FINE", 2 ], [ "BUTCHER", 50 ] ],
    "deconstruct": { "items": [ { "item": "slime_butcher_rack", "count": 1 } ] }
  },
  {
    "id": "fakeslime",
    "type": "TOOL",
    "name": "slimetool_fake",
    "description": "This particular breed of slime is advanced enough to form simple shapes and adopt specific physical properties at your direction.",
    "weight": "1800 g",
    "volume": "2 L",
    "price": 100000,
    "to_hit": 0,
    "bashing": 20,
    "material": "iron",
    "symbol": ";",
    "color": "dark_gray",
    "qualities": [
      [ "HAMMER", 2 ],
      [ "HAMMER_FINE", 2 ],
      [ "SAW_W", 2 ],
      [ "SAW_M", 2 ],
      [ "SAW_M_FINE", 2 ],
      [ "WRENCH", 2 ],
      [ "WRENCH_FINE", 2 ],
      [ "SCREW", 2 ],
      [ "SCREW_FINE", 2 ],
      [ "CUT", 2 ],
      [ "PRY", 2 ],
      [ "DRILL", 2 ],
      [ "BUTCHER", -90 ],
      [ "AXE", 2 ],
      [ "DIG", 2 ]
    ],
    "flags": [ "DURABLE_MELEE" ]
  },
  {
    "id": "gelectrode_engine",
    "copy-from": "engine_motor",
    "type": "vehicle_part",
    "name": "gelectric motor",
    "item": "glowie",
    "difficulty": 0,
    "durability": 400,
    "power": 475000,
    "energy_consumption": 163000,
    "damage_modifier": 80,
    "damage_reduction": { "all": 60 },
    "folded_volume": 1,
    "requirements": { "install": { "time": "5 m" }, "repair": { "time": "1 m", "using": [ [ "blobrep", 1 ] ] } },
    "flags": [ "TOOL_NONE", "FOLDABLE", "ENGINE" ]
  },
  {
    "type": "vehicle_part",
    "id": "slime_bed",
    "name": "slime bed",
    "symbol": "#",
    "looks_like": "bed",
    "color": "magenta",
    "broken_symbol": "*",
    "broken_color": "magenta",
    "damage_modifier": 60,
    "durability": 95,
    "description": "A small but comfortable bed made from slime. You feel like you have strange dreams whenever you sleep in it, but can't quite remember them.",
    "size": 200,
    "item": "gloople",
    "comfort": 10,
    "floor_bedding_warmth": 450,
    "difficulty": 0,
    "folded_volume": 2,
    "requirements": { "install": { "time": "5 m" }, "repair": { "time": "1 m", "using": [ [ "blobrep", 1 ] ] } },
    "location": "center",
    "flags": [ "BED", "BOARDABLE", "CARGO", "MOUNTABLE", "FOLDABLE", "TOOL_NONE" ],
    "damage_reduction": { "all": 3 }
  },
  {
    "id": "queen_controller",
    "type": "vehicle_part",
    "name": "slime control station",
    "item": "queen",
    "looks_like": "queen",
    "location": "center",
    "symbol": "O",
    "broken_symbol": "#",
    "color": "red",
    "broken_color": "red",
    "difficulty": 0,
    "durability": 1000,
    "damage_modifier": 10,
    "folded_volume": 1,
    "breaks_into": [ { "item": "queengrow" } ],
    "requirements": { "install": { "time": "5 m" }, "repair": { "time": "1 m", "using": [ [ "blobrep", 1 ] ] } },
    "description": "An amorphous mass, the living heart and brain of a blob vehicle. This one is configured into a generalized control station.",
    "flags": [
      "BOARDABLE",
      "BELTABLE",
      "TOOL_NONE",
      "FOLDABLE",
      "CONTROLS",
      "VISION",
      "CAMERA",
      "CAMERA_CONTROL",
      "REMOTE_CONTROLS",
      "CTRL_ELECTRONIC",
      "SEAT",
      "BED",
      "E_STARTS_INSTANTLY",
      "TURRET_MOUNT"
    ]
  },
  {
    "type": "vehicle_part",
    "id": "slimecam",
    "name": "slimecurity camera",
    "symbol": "o",
    "looks_like": "omnicam",
    "color": "light_red",
    "broken_symbol": "#",
    "broken_color": "red",
    "damage_modifier": 10,
    "durability": 100,
    "description": "A gelectrode formed into an eye that can relay what it sees to a camera control station through electrical impulses. You swear you almost catch it watching you out of the corner of your eye when you aren't looking.",
    "folded_volume": 1,
    "bonus": 24,
    "item": "glowie",
    "//": "Cameras without a DVR can run on under 10W",
    "epower": 0,
    "difficulty": 0,
    "location": "on_roof",
    "requirements": { "install": { "time": "5 m" }, "repair": { "time": "1 m", "using": [ [ "blobrep", 1 ] ] } },
    "flags": [ "VISION", "CAMERA", "TOOL_NONE", "FOLDABLE" ]
  },
  {
    "type": "vehicle_part",
    "id": "slimecam_ceiling",
    "name": "slimecurity camera - Ceiling",
    "symbol": "o",
    "looks_like": "omnicam",
    "color": "light_red",
    "broken_symbol": "#",
    "broken_color": "red",
    "damage_modifier": 10,
    "durability": 100,
    "description": "A gelectrode formed into an eye that can relay what it sees to a camera control station through electrical impulses. This one is mounted to the ceiling, if you feel like keeping tabs on what's going on in your vehicle.",
    "folded_volume": 1,
    "bonus": 24,
    "item": "glowie",
    "//": "Cameras without a DVR can run on under 10W",
    "epower": 0,
    "difficulty": 0,
    "location": "on_ceiling",
    "requirements": { "install": { "time": "5 m" }, "repair": { "time": "1 m", "using": [ [ "blobrep", 1 ] ] } },
    "flags": [ "VISION", "CAMERA", "TOOL_NONE", "FOLDABLE" ]
  },
  {
    "id": "glowie_alternator4",
    "copy-from": "glowie_alternator",
    "type": "vehicle_part",
    "name": "Gelectrode Alternator- Extreme",
    "//": "",
    "item": "glowie",
    "difficulty": 0,
    "durability": 200,
    "power": -22380,
    "epower": 22380,
    "damage_modifier": 80,
    "folded_volume": 1,
    "breaks_into": [ { "item": "glowiegrow" } ],
    "description": "A living, glowing blob.  It latches on to an engine, or engine-equivilant, and produces electricity. This particular varient requires excessive horsepower, and produces equally excessive electricity.",
    "damage_reduction": { "all": 25 },
    "requirements": { "install": { "time": "5 m" }, "repair": { "time": "1 m", "using": [ [ "blobrep", 1 ] ] } },
    "flags": [ "TOOL_NONE", "FOLDABLE", "ALTERNATOR" ]
  },
  {
    "type": "vehicle_part",
    "id": "queen_cargo_space",
    "name": "Amorphous cargo space",
    "symbol": "=",
    "looks_like": "box",
    "color": "light_red",
    "description": "A Queen molded into a cargo space. It efficiently holds things with it's psudopods, layering items of similiar shape together. It seems almost reluctant to let you take things away from it.",
    "broken_symbol": "#",
    "broken_color": "red",
    "durability": 500,
    "size": 6700,
    "item": "queen",
    "difficulty": 0,
    "folded_volume": 5,
    "location": "center",
    "requirements": { "install": { "time": "5 m" }, "repair": { "time": "1 m", "using": [ [ "blobrep", 1 ] ] } },
    "flags": [ "BOARDABLE", "CARGO", "COVERED", "FOLDABLE", "TOOL_NONE" ],
    "damage_reduction": { "all": 28 }
  },
  {
    "id": "gloople_caster",
    "type": "vehicle_part",
    "name": "gelatinous casters",
    "item": "gloople_wheel",
    "location": "under",
    "symbol": "|",
    "broken_symbol": "x",
    "color": "light_green",
    "broken_color": "light_green",
    "difficulty": 0,
    "durability": 250,
    "damage_modifier": 10,
    "folded_volume": 1,
    "description": "A living blob.  It acts as a wheel, and in this case, a set of casters.",
    "breaks_into": [ { "item": "glooplegrow" }, { "item": "water", "count": [ 50, 100 ] } ],
    "requirements": { "install": { "time": "5 m" }, "repair": { "time": "1 m", "using": [ [ "blobrep", 1 ] ] } },
    "rolling_resistance": 1.75,
    "wheel_type": "standard",
    "contact_area": 153,
    "flags": [ "WHEEL", "TOOL_NONE", "FOLDABLE", "TRACKED", "STABLE", "STEERABLE" ]
  },
  {
    "id": "slimeanchor",
    "type": "vehicle_part",
    "name": "gel folding anchor",
    "item": "gloople",
    "location": "under",
    "symbol": "|",
    "broken_symbol": "x",
    "color": "light_green",
    "broken_color": "light_green",
    "difficulty": 0,
    "durability": 250,
    "damage_modifier": 10,
    "description": "A blob made rigid. This can optionally be installed onto a vehicle to prevent you from accidentally folding your Slime RV and upending all your storage all over the ground.",
    "requirements": { "install": { "time": "5 m" }, "repair": { "time": "1 m", "using": [ [ "blobrep", 1 ] ] } },
    "flags": [ "TOOL_NONE" ]
  },
  {
    "copy-from": "frostie_trunk",
    "id": "frostie_trunk",
    "type": "vehicle_part",
    "name": "ice pack",
    "item": "frostie",
    "location": "center",
    "symbol": "H",
    "broken_symbol": "#",
    "color": "light_blue",
    "broken_color": "light_blue",
    "difficulty": 3,
    "durability": 100,
    "epower": 0,
    "size": 10000,
    "damage_modifier": 80,
    "folded_volume": 1,
    "breaks_into": [ { "item": "frostiegrow" } ],
    "description": "A living blob, existing in a super-cooled state.  It will keep items stored in it cold, reducing the speed at which food and drink rots.",
    "requirements": { "install": { "time": "5 m" }, "repair": { "time": "1 m", "using": [ [ "blobrep", 1 ] ] } },
    "flags": [ "CARGO", "OBSTACLE", "FRIDGE", "COVERED", "TOOL_NONE", "FOLDABLE" ]
  },
  {
    "id": "frostie_freezer",
    "type": "vehicle_part",
    "name": "ice box",
    "item": "frostie",
    "location": "center",
    "symbol": "H",
    "broken_symbol": "#",
    "color": "light_blue",
    "broken_color": "light_blue",
    "looks_like": "frostie_trunk",
    "difficulty": 0,
    "durability": 100,
    "epower": 0,
    "size": 10000,
    "damage_modifier": 80,
    "folded_volume": 1,
    "breaks_into": [ { "item": "frostiegrow" } ],
    "description": "A living blob, existing in a super-cooled state.  It will keep items stored in it frozen, halting the speed at which food and drink rots, though some foods don't take well to being unfrozen.",
    "requirements": { "install": { "time": "5 m" }, "repair": { "time": "1 m", "using": [ [ "blobrep", 1 ] ] } },
    "flags": [ "CARGO", "OBSTACLE", "FREEZER", "COVERED", "TOOL_NONE", "FOLDABLE" ]
  },
  {
    "id": "gloople_wheel_sea",
    "type": "vehicle_part",
    "name": "gelatinous sea skimmer",
    "item": "gloople",
    "location": "under",
    "symbol": "|",
    "broken_symbol": "x",
    "color": "light_green",
    "broken_color": "light_green",
    "difficulty": 0,
    "durability": 500,
    "damage_modifier": 200,
    "folded_volume": 1,
    "breaks_into": [ { "item": "glooplegrow" } ],
    "description": "A living blob, existing in a super-cooled state.  It acts as a boat hull.",
    "requirements": { "install": { "time": "5 m" }, "repair": { "time": "1 m", "using": [ [ "blobrep", 1 ] ] } },
    "flags": [ "FLOATS", "TOOL_NONE", "FOLDABLE", "EXTRA_DRAG", "SHARP", "TRACKED" ]
  },
  {
    "type": "vehicle_part",
    "id": "blob_crafter",
    "name": "pulsating workstation",
    "symbol": "w",
    "looks_like": "craft_rig",
    "color": "light_green",
    "broken_symbol": "x",
    "broken_color": "red",
    "damage_modifier": 10,
    "durability": 80,
    "description": "A multi-function crafting station... Made out of blobs. Under the guidance of the queen, the blobs contort in your hands to the appropriate shapes. Unnervingly, it almost feels like it's learning to antipate what configurations you need before you'll need them, and crafts along with you almost better then you can.",
    "size": 10000,
    "folded_volume": 3,
    "item": "blob_crafter",
    "difficulty": 0,
    "location": "center",
    "requirements": { "install": { "time": "5 m" }, "repair": { "time": "1 m", "using": [ [ "blobrep", 1 ] ] } },
    "flags": [
      "CARGO",
      "TOWEL",
      "OBSTACLE",
      "CRAFTRIG",
      "WATER_PURIFIER",
      "COVERED",
      "TOOL_NONE",
      "FOLDABLE",
      "FLAT_SURF",
      "WORKBENCH",
      "CHEMLAB",
      "FAUCET",
      "FORGE",
      "KITCHEN",
      "WELDRIG"
    ],
        "tools": [
      "anvil",
      "can_sealer",
      "crucible",
      "mold_plastic",
      "pastaextruder",
      "polisher",
      "press",
      "puller",
      "swage",
      "tongs",
      "hotplate",
      "pot",
      "welder",
      "soldering_iron",
      "vac_sealer",
      "dehydrator",
      "press",
      "chemistry_set",
      "forge"
    ],
    "workbench": { "multiplier": 3, "mass": 150000, "volume": "200L" },
    "damage_reduction": { "all": 20 }
  },
  {
    "type": "vehicle_part",
    "id": "washing_blob",
    "name": "sanitation blob",
    "symbol": "H",
    "looks_like": "dishwasher",
    "color": "light_blue",
    "broken_symbol": "#",
    "broken_color": "light_blue",
    "damage_modifier": 80,
    "durability": 100,
    "description": "A washing and sanitation blob. With the usual materials, it can clean and sanitize what needs cleaning and sanitizing... with a 'shlorp'ing sound you're not sure you like.",
    "epower": 0,
    "size": 1000,
    "folded_volume": 1,
    "item": "gray",
    "difficulty": 0,
    "location": "center",
    "requirements": { "install": { "time": "5 m" }, "repair": { "time": "1 m", "using": [ [ "blobrep", 1 ] ] } },
    "flags": [ "CARGO", "OBSTACLE", "WASHING_MACHINE", "DISHWASHER", "AUTOCLAVE", "COVERED", "TOOL_NONE", "FOLDABLE" ],
    "damage_reduction": { "all": 32 }
  },
  {
    "type": "vehicle_part",
    "id": "blob_funnel",
    "name": "blob funnel",
    "symbol": "V",
    "looks_like": "funnel",
    "color": "light_gray",
    "broken_symbol": "*",
    "broken_color": "light_gray",
    "damage_modifier": 30,
    "durability": 300,
    "description": "A funnel that will collect rainwater into the tank beneath it.",
    "size": 600,
    "item": "gray",
    "difficulty": 0,
    "location": "on_roof",
    "folded_volume": 1,
    "requirements": { "install": { "time": "5 m" }, "repair": { "time": "1 m", "using": [ [ "blobrep", 1 ] ] } },
    "flags": [ "FUNNEL", "FOLDABLE" ],
    "damage_reduction": { "all": 12 }
  },
  {
    "id": "aisle_lights_blob",
    "type": "vehicle_part",
    "name": "blob aisle lights",
    "item": "glowie",
    "location": "on_ceiling",
    "symbol": "*",
    "broken_symbol": "*",
    "color": "light_cyan",
    "durability": 20,
    "//": "essentially an 800lm 10W LED flashlight",
    "epower": 0,
    "difficulty": 0,
    "bonus": 30,
    "folded_volume": 1,
    "requirements": { "install": { "time": "5 m" }, "repair": { "time": "1 m", "using": [ [ "blobrep", 1 ] ] } },
    "flags": [ "AISLE_LIGHT", "TOOL_NONE", "FOLDABLE" ]
  },
  {
    "type": "vehicle_part",
    "id": "gelcharge_station",
    "name": "gelectrode recharging station",
    "symbol": "o",
    "looks_like": "recharge_station",
    "color": "light_green",
    "broken_symbol": "#",
    "broken_color": "blue",
    "damage_modifier": 10,
    "durability": 50,
    "description": "A gelectrode for recharging batteries.  When turned on, it charges any rechargeable batteries (battery cells, lead-acid batteries, etc) placed directly in the attached storage space.",
    "//": "Only keeping a controller board running while not actively charging",
    "epower": 0,
    "bonus": 600,
    "item": "glowie",
    "difficulty": 0,
    "location": "on_cargo",
    "requirements": { "install": { "time": "5 m" }, "repair": { "time": "1 m", "using": [ [ "blobrep", 1 ] ] } },
    "flags": [ "INTERNAL", "RECHARGE", "FOLDABLE", "TOOL_NONE" ],
    "folded_volume": 3,
    "damage_reduction": { "all": 10 }
  },
  {
    "type": "vehicle_part",
    "id": "icy_mirror",
    "name": "icy mirror",
    "symbol": "o",
    "color": "light_cyan",
    "broken_symbol": "*",
    "broken_color": "dark_gray",
    "looks_like": "wing_mirror",
    "damage_modifier": 10,
    "durability": 50,
    "difficulty": 0,
    "description": "A small mirror, mounted outside the vehicle.  If you see the mirror, your vision is expanded as though you were standing where the mirror is.",
    "folded_volume": 1,
    "item": "frostie",
    "location": "structure",
    "requirements": { "install": { "time": "5 m" }, "repair": { "time": "1 m", "using": [ [ "blobrep", 1 ] ] } },
    "flags": [ "VISION", "PROTRUSION", "FOLDABLE" ]
  },
  {
    "type": "vehicle_part",
    "id": "inboard_mirror_icy",
    "name": "icy inboard mirror",
    "symbol": "o",
    "color": "light_cyan",
    "broken_symbol": "*",
    "broken_color": "dark_gray",
    "looks_like": "inboard_mirror",
    "damage_modifier": 10,
    "durability": 50,
    "difficulty": 0,
    "description": "A small mirror, mounted inside the vehicle.  If you see the mirror, your vision is expanded as though you were standing where the mirror is.",
    "folded_volume": 1,
    "item": "frostie",
    "location": "on_windshield",
    "requirements": { "install": { "time": "5 m" }, "repair": { "time": "1 m", "using": [ [ "blobrep", 1 ] ] } },
    "flags": [ "VISION", "FOLDABLE" ]
  },
  {
    "id": "goo_floodlight",
    "type": "vehicle_part",
    "name": "gelectrode floodlight",
    "item": "glowie",
    "looks_like": "floodlight",
    "location": "on_roof",
    "symbol": "*",
    "broken_symbol": "-",
    "color": "white",
    "broken_color": "blue",
    "durability": 20,
    "description": "A very bright, circular light that illuminates the area outside the vehicle when turned on. Powered by the mystery that is the gelectrode.",
    "epower": 0,
    "bonus": 8000,
    "damage_modifier": 10,
    "folded_volume": 1,
    "requirements": { "install": { "time": "5 m" }, "repair": { "time": "1 m", "using": [ [ "blobrep", 1 ] ] } },
    "flags": [ "CIRCLE_LIGHT", "FOLDABLE", "TOOL_NONE" ]
  },
  {
    "id": "mounted_lancer",
    "copy-from": "turret",
    "type": "vehicle_part",
    "name": "mounted frost lancer",
    "item": "freezie",
    "looks_like": "freezie",
    "default_ammo": "water",
    "color": "blue",
    "broken_color": "blue",
    "description": "A frost lancer that has been mounted to the vehicle tanks, and can draw water directly from them.",
    "difficulty": 0,
    "folded_volume": 1,
    "breaks_into": [ { "item": "freezie" } ],
    "requirements": { "install": { "time": "5 m" }, "repair": { "time": "1 m", "using": [ [ "blobrep", 1 ] ] } },
    "extend": { "flags": [ "USE_TANKS", "FOLDABLE", "TOOL_NONE" ] }
  },
  {
    "type": "vehicle_part",
    "id": "slime_turret_controls",
    "name": "slime auto-turret controller",
    "symbol": "$",
    "looks_like": "controls_turret",
    "color": "yellow",
    "broken_symbol": "$",
    "broken_color": "red",
    "damage_modifier": 10,
    "durability": 50,
    "difficulty": 0,
    "epower": 0,
    "item": "queen",
    "description": "This queen has been attached to a turret mounting. It has learned to shoot anything besides you... Or at least, anything that doesn't feed it regularly.",
    "folded_volume": 1,
    "requirements": { "install": { "time": "5 m" }, "repair": { "time": "1 m", "using": [ [ "blobrep", 1 ] ] } },
    "flags": [ "FOLDABLE", "TURRET_CONTROLS", "TOOL_NONE" ]
  },
  {
    "type": "vehicle_part",
    "id": "slime_curtain",
    "name": "slime curtain",
    "symbol": "\"",
    "looks_like": "t_door_curtain_c",
    "color": "dark_gray",
    "broken_symbol": "0",
    "broken_color": "light_gray",
    "damage_modifier": 1,
    "durability": 200,
    "difficulty": 0,
    "folded_volume": 1,
    "description": "A slimy sheet over a window.",
    "bonus": 25,
    "item": "gloople",
    "location": "on_windshield",
    "requirements": { "install": { "time": "5 m" }, "repair": { "time": "1 m", "using": [ [ "blobrep", 1 ] ] } },
    "flags": [ "OPENABLE", "OPENCLOSE_INSIDE", "OPAQUE", "CURTAIN", "WINDOW_CURTAIN", "MULTISQUARE", "FOLDABLE", "TOOL_NONE" ]
  },
  {
    "type": "vehicle_part",
    "id": "slime_clock",
    "name": "slime clock",
    "symbol": ":",
    "color": "light_gray",
    "broken_symbol": ";",
    "broken_color": "dark_gray",
    "durability": 20,
    "description": "A slime clock. It only needs to be exposed to a single day-night cycle before it starts keeping track... But for what purpose?",
    "epower": 0,
    "difficulty": 0,
    "folded_volume": 1,
    "item": "gray",
    "requirements": { "install": { "time": "5 m" }, "repair": { "time": "1 m", "using": [ [ "blobrep", 1 ] ] } },
    "flags": [ "WATCH", "ALARMCLOCK", "FOLDABLE", "TOOL_NONE" ]
  },
  {
    "type": "vehicle_part",
    "id": "solar_slime",
    "name": "solar gelectrode",
    "item": "glowie",
    "symbol": "#",
    "color": "cyan",
    "looks_like": "solar_panel",
    "folded_volume": 1,
    "broken_symbol": "x",
    "broken_color": "cyan",
    "damage_modifier": 10,
    "durability": 50,
    "description": "A slime-based solar panel.  Will recharge the vehicle's electrical power when exposed to the sun.  Clouds will slow the recharge speed.",
    "epower": 300,
    "difficulty": 0,
    "location": "on_roof",
    "flags": [ "SOLAR_PANEL", "TOOL_NONE", "FOLDABLE" ],
    "requirements": { "install": { "time": "15 m" }, "repair": { "time": "5 m", "using": [ [ "blobrep", 1 ] ] } }
  }
]
