[
  {
    "id": "blob_crafter",
    "type": "GENERIC",
    "name": "Pulsating Workstation",
    "description": "A multi-function crafting station... Made out of blobs. Under the guidance of the queen, the blobs contort in your hands to the appropriate shapes. Unnervingly, it almost feels like it's learning to antipate what configurations you need before you'll need them.",
    "weight": 21331,
    "volume": 80,
    "to_hit": -5,
    "bashing": 10,
    "material": [ "flesh" ],
    "symbol": ")",
    "color": "red"
  },
  {
    "result": "blob_crafter",
    "type": "recipe",
    "category": "CC_OTHER",
    "subcategory": "CSC_OTHER_MATERIALS",
    "skill_used": "cooking",
    "difficulty": 6,
    "time": 15000,
    "autolearn": true,
    "components": [
      [ [ "queen", 1 ] ],
      [ [ "gloople", 1 ] ],
      [ [ "horror", 1 ] ],
      [ [ "frostie", 1 ] ],
      [ [ "glowie", 1 ] ],
      [ [ "gray", 1 ] ],
      [ [ "razorqueen", 1 ] ],
      [ [ "oozle", 1 ] ],
      [ [ "torchie", 1 ] ]
    ]
  }
]
