[
  {
    "id": "bfmag",
    "type": "MAGAZINE",
    "category": "spare_parts",
    "name": "blob feed magazine",
    "name_plural": "blob feed magazines",
    "description": "This is a compact container used for delivering blob feed to various slime based tools and armour that need it to function.",
    "weight": "5 g",
    "volume": 0,
    "price": 1500,
    "material": [ "slime" ],
    "symbol": "=",
    "color": "yellow",
    "ammo_type": "bfeed",
    "capacity": 250,
    "looks_like": "battery",
    "flags": [ "NO_SALVAGE", "MAG_COMPACT" ]
  },
  {
    "id": "bfmagmed",
    "type": "MAGAZINE",
    "category": "spare_parts",
    "name": "blob feed magazine medium",
    "name_plural": "blob feed magazines",
    "description": "This is a compact container used for delivering blob feed to various slime based tools and armour that need it to function.",
    "weight": "5 g",
    "volume": 0,
    "price": 1500,
    "material": [ "slime" ],
    "symbol": "=",
    "color": "yellow",
    "ammo_type": "bfeed",
    "capacity": 500,
    "looks_like": "battery",
    "flags": [ "NO_SALVAGE", "MAG_COMPACT" ]
  },
  {
    "id": "bfmagheavy",
    "type": "MAGAZINE",
    "category": "spare_parts",
    "name": "blob feed heavy magazine",
    "name_plural": "blob feed magazines",
    "description": "This is a massive container used for delivering blob feed to various slime based power suits.",
    "weight": "5 g",
    "volume": 0,
    "price": 1500,
    "material": [ "slime" ],
    "symbol": "=",
    "color": "yellow",
    "ammo_type": "bfeed",
    "count": 10000,
    "capacity": 10000,
    "looks_like": "battery",
    "flags": [ "NO_SALVAGE", "MAG_COMPACT", "MECH_BAT", "TRADER_AVOID" ]
  },
    {
    "id": "bammomag",
    "type": "MAGAZINE",
    "category": "spare_parts",
    "name": "blob weapon magazine",
    "name_plural": "blob weapon magazine",
    "description": "A magazine specifically constructed out of blob globs to hold the ammo for your blob based weapons",
    "weight": "5 g",
    "volume": 0,
    "price": 1500,
    "material": [ "slime" ],
    "symbol": "=",
    "color": "yellow",
    "ammo_type": "bfeed",
    "count": 200,
    "capacity": 200,
    "looks_like": "battery",
    "flags": [ "NO_SALVAGE", "MAG_COMPACT", "TRADER_AVOID" ]
  }
]
