[
  {
    "type": "material",
    "ident": "slime",
    "name": "Slime",
    "density": 3,
    "specific_heat_liquid": 0.02,
    "specific_heat_solid": 0.02,
    "latent_heat": 205,
    "soft": true,
    "reinforces": true,
    "bash_resist": 2,
    "cut_resist": 2,
    "acid_resist": 20,
    "fire_resist": 20,
    "elec_resist": 10,
    "chip_resist": 10,
    "repaired_with": "slime_scrap",
    "salvaged_into": "slime_scrap",
    "dmg_adj": [ "ripped", "torn", "shredded", "tattered" ],
    "bash_dmg_verb": "ripped",
    "cut_dmg_verb": "cut"
  },
  {
    "type": "material",
    "ident": "angryslime",
    "name": "Agitated Slime",
    "density": 6,
    "specific_heat_liquid": 0.02,
    "specific_heat_solid": 0.02,
    "latent_heat": 205,
    "soft": true,
    "reinforces": true,
    "bash_resist": 4,
    "cut_resist": 4,
    "acid_resist": 40,
    "fire_resist": 40,
    "elec_resist": 20,
    "chip_resist": 20,
    "repaired_with": "slime_scrap",
    "salvaged_into": "slime_scrap",
    "dmg_adj": [ "ripped", "torn", "shredded", "tattered" ],
    "bash_dmg_verb": "ripped",
    "cut_dmg_verb": "cut"
  },
  {
    "type": "COMESTIBLE",
    "copy-from": "slime_scrap",
    "id": "slime_scrap",
    "category": "other",
    "name": "blob glob",
    "weight": "20 g",
    "color": "dark_gray",
    "use_action": "POISON",
    "comestible_type": "FOOD",
    "symbol": "%",
    "calories": 174,
    "description": "A little hunk of glop that fell off a blob monster.  It doesn't seem hostile, but it does wiggle occasionally.",
    "price": 0,
    "volume": "20 ml",
    "fun": -10,
    "material": "slime"
  },
  {
    "id": "refbfeed",
    "type": "AMMO",
    "category": "fuel",
    "name": "refined blob feed",
    "name_plural": "refined blob feed",
    "weight": "10 g",
    "symbol": "=",
    "color": "red",
    "material": "slime",
    "fuel": { "energy": 25 },
    "description": "Blob feed that has been refined and purifed by a blob chemical factory. It is now quite the compact packet of energy and slime nutrition.",
    "container": "box_small",
    "count": 250,
    "volume": "250 ml",
    "ammo_type": "bfeed"
  },
  {
    "id": "surface_heat",
    "type": "requirement",
    "//": "Heat usable for heating a surface - for example a pot or frying pan.",
    "tools": [
      [
        [ "gelhotplate", 1 ],
        [ "hotplate", 1 ],
        [ "multi_cooker", 1 ],
        [ "char_smoker", 1 ],
        [ "toolset", 1 ],
        [ "fire", -1 ]
      ]
    ]
  },
  {
    "id": "water_boiling_heat",
    "type": "requirement",
    "//": "Tools usable for providing heat usable for boiling water, but not necessarily for anything else.",
    "tools": [
      [
        [ "gelhotplate", 1 ],
        [ "hotplate", 1 ],
        [ "multi_cooker", 1 ],
        [ "char_smoker", 1 ],
        [ "toolset", 1 ],
        [ "coffeemaker", 1 ],
        [ "atomic_coffeepot", -1 ],
        [ "fire", -1 ]
      ]
    ]
  },
  {
    "id": "bammo",
    "type": "AMMO",
    "category": "ammo",
    "name": "blob weapon ammunition",
    "name_plural": "blob weapon ammunition",
    "weight": "10 g",
    "symbol": "=",
    "color": "red",
    "material": "slime",
    "description": "A specially crafted form of blob feed formulated to allow blob weapons to do the odd things they do.",
    "container": "box_small",
    "count": 250,
    "volume": "10 ml",
    "ammo_type": "bfeed"
  }
]
