[
  {
    "id": "slime_antifungal",
    "type": "COMESTIBLE",
    "comestible_type": "MED",
    "name": "slime based antifungal drug",
    "description": "When you asked for an antifungal drug the queen programmer said, mycus invasion detected anti fungals required. Then is spat out the recipe for this. ",
    "weight": "1 g",
    "volume": "250 ml",
    "price": 1000,
    "charges": 5,
    "stack_size": 100,
    "material": "powder",
    "symbol": "!",
    "color": "white",
    "use_action": "ANTIFUNGAL",
    "flags": "NPC_SAFE"
  },
  {
    "id": "slimebandage",
    "type": "COMESTIBLE",
    "comestible_type": "MED",
    "name": "slime bandage",
    "description": "Slime bandages. Absolutely do not use if they haven't been fed.",
    "weight": "70 g",
    "volume": "250 ml",
    "price": 600,
    "material": "slime",
    "symbol": "!",
    "color": "white",
    "charges": 5,
    "stack_size": 50,
    "flags": [ "NO_INGEST" ],
    "use_action": {
      "type": "heal",
      "bandages_power": 10,
      "disinfectant_power": 10,
      "bleed": 1,
      "bite": 1,
      "move_cost": 300,
      "effects": [ { "id": "pkill1", "duration": 720 } ]
    }
  },
  {
    "type": "COMESTIBLE",
    "id": "slimy_fertilizer",
    "name": "slime produced fertilizer",
    "name_plural": "slime produced fertilizer",
    "weight": "350 g",
    "color": "yellow",
    "flags": [ "FERTILIZER" ],
    "use_action": "PLANTBLECH",
    "container": "jug_plastic",
    "comestible_type": "DRINK",
    "symbol": "~",
    "looks_like": "fertilizer_liquid",
    "quench": -10,
    "healthy": -2,
    "calories": 43,
    "description": "Manure, or other plant matter turned into plant fertilizer by your puffer chemical factory.",
    "price": 1000,
    "//": "This comes out as one charge in the bag, and the price is accurate-KA101.",
    "material": "powder",
    "volume": "250 ml",
    "phase": "liquid",
    "charges": 4,
    "category": "chems",
    "fun": -30
  }
]
