[
  {
    "type": "profession",
    "ident": "blobmaster",
    "name": "Blob Wrangler",
    "description": "Your choice in vehicle parts seems to greatly unnerve people. But in the Cataclysm, your ultra-sustainable supplies with a unique taste for 'biofuel' will probably keep you alive... so long as you feed it often enough.",
    "points": 8,
    "skills": [ { "level": 6, "name": "cooking" } ],
    "items": {
      "both": {
        "items": [
          "jeans",
          "longshirt",
          "socks",
          "coat_winter",
          "boots_winter",
          "knit_scarf",
          "pockknife",
          "water_clean",
          "matches",
          "queen",
          "razorqueen",
          "sharp",
          "gelrazor",
          "sparkie",
          "stickie",
          "torchie",
          "voideater",
          "bframegrow",
          "biter",
          "clutter",
          "freezie",
          "frostie",
          "fuzzle",
          "gloople",
          "glowie",
          "gray",
          "horror",
          "inkie",
          "meltie",
          "oozle",
          "spouterqueen",
          "slimy_backpack",
          "gelrazor"
        ],
        "entries": [ { "group": "charged_cell_phone", "item": "bfeed", "charges": 5000 } ]
      },
      "male": [ "boxer_shorts" ],
      "female": [ "bra", "panties" ]
    }
  }
]
