[
  {
    "result": "plasma",
    "type": "recipe",
    "category": "CC_CHEM",
    "subcategory": "CSC_CHEM_CHEMICALS",
    "skill_used": "cooking",
    "difficulty": 10,
    "time": "6 h",
    "autolearn": true,
    "qualities": [ { "id": "blobchemfact", "level": 1 }, { "id": "blobprog", "level": 1 } ],
    "components": [ [ [ "yeast", 25 ] ], [ [ "water", 50 ], [ "water_clean", 50 ] ] ]
  },
  {
    "result": "slime_antifungal",
    "type": "recipe",
    "category": "CC_CHEM",
    "subcategory": "CSC_CHEM_CHEMICALS",
    "skill_used": "cooking",
    "difficulty": 10,
    "time": "6 h",
    "autolearn": true,
    "qualities": [ { "id": "blobchemfact", "level": 1 }, { "id": "blobprog", "level": 1 } ],
    "components": [ [ [ "yeast", 25 ] ], [ [ "mushroom", 1 ] ], [ [ "water", 50 ], [ "water_clean", 50 ] ] ]
  },
  {
    "result": "slimebandage",
    "type": "recipe",
    "category": "CC_CHEM",
    "subcategory": "CSC_CHEM_CHEMICALS",
    "skill_used": "cooking",
    "difficulty": 6,
    "time": "1 h",
    "autolearn": true,
    "components": [ [ [ "gray", 1 ] ] ]
  },
  {
    "type": "recipe",
    "result": "slimy_fertilizer",
    "id_suffix": "simple",
    "category": "CC_CHEM",
    "subcategory": "CSC_CHEM_CHEMICALS",
    "skill_used": "cooking",
    "difficulty": 6,
    "time": "15 m",
    "autolearn": true,
    "batch_time_factors": [ 80, 4 ],
    "flags": [ "BLIND_HARD", "ALLOW_ROTTEN" ],
    "qualities": [ { "id": "blobchemfact", "level": 1 }, { "id": "blobprog", "level": 1 } ],
    "components": [
      [ [ "water", 4 ], [ "water_clean", 4 ] ],
      [ [ "yeast", 25 ] ],
      [ [ "feces_bird", 4 ], [ "feces_cow", 4 ], [ "feces_manure", 4 ] ]
    ]
  },
  {
    "result": "diesel",
    "type": "recipe",
    "category": "CC_CHEM",
    "subcategory": "CSC_CHEM_FUEL",
    "skill_used": "cooking",
    "difficulty": 6,
    "autolearn": true,
    "result_mult": 1,
    "time": "12 h",
    "batch_time_factors": [ 99, 1 ],
    "qualities": [ { "id": "blobchemfact", "level": 1 }, { "id": "blobprog", "level": 1 } ],
    "components": [
      [ [ "water_clean", 4 ], [ "water", 4 ] ],
      [ [ "yeast", 100 ] ],
      [
        [ "cooking_oil", 32 ],
        [ "cooking_oil2", 32 ],
        [ "edible_tallow_lard", 4, "LIST" ],
        [ "tallow_tainted", 4 ],
        [ "any_fat", 8, "LIST" ],
        [ "fat_tainted", 8 ],
        [ "lamp_oil", 500 ]
      ]
    ],
    "flags": [ "ALLOW_ROTTEN" ]
  },
  {
    "result": "gasoline",
    "type": "recipe",
    "category": "CC_CHEM",
    "subcategory": "CSC_CHEM_FUEL",
    "skill_used": "cooking",
    "difficulty": 6,
    "autolearn": true,
    "result_mult": 1,
    "time": "12 h",
    "batch_time_factors": [ 99, 1 ],
    "qualities": [ { "id": "blobchemfact", "level": 1 }, { "id": "blobprog", "level": 1 } ],
    "components": [ [ [ "water_clean", 4 ], [ "water", 4 ] ], [ [ "yeast", 100 ] ], [ [ "diesel", 250 ] ] ],
    "flags": [ "ALLOW_ROTTEN" ]
  },
  {
    "result": "refbfeed",
    "type": "recipe",
    "category": "CC_CHEM",
    "subcategory": "CSC_CHEM_FUEL",
    "skill_used": "cooking",
    "difficulty": 6,
    "autolearn": true,
    "result_mult": 1,
    "time": "5 m",
    "batch_time_factors": [ 99, 1 ],
    "qualities": [ { "id": "blobchemfact", "level": 1 }, { "id": "blobprog", "level": 1 } ],
    "components": [ [ [ "bfeed", 250 ] ] ],
    "flags": [ "ALLOW_ROTTEN" ]
  }
]
