[
  {
    "type": "recipe",
    "result": "slime_flour",
    "category": "CC_FOOD",
    "subcategory": "CSC_FOOD_OTHER",
    "skill_used": "cooking",
    "difficulty": 2,
    "time": "45 m",
    "charges": 15,
    "autolearn": true,
    "batch_time_factors": [ 83, 3 ],
    "flags": [ "BLIND_EASY" ],
    "tools": [ [ [ "rock_quern", -1 ], [ "clay_quern", -1 ] ] ],
    "components": [ [ [ "slime_wheat", 1 ] ] ]
  },
  {
    "type": "recipe",
    "result": "slime_flour",
    "id_suffix": "mortar",
    "category": "CC_FOOD",
    "subcategory": "CSC_FOOD_OTHER",
    "skill_used": "cooking",
    "skills_required": [ [ "cooking", 1 ] ],
    "difficulty": 2,
    "charges": 15,
    "time": "1 h 7 m 30 s",
    "autolearn": true,
    "batch_time_factors": [ 83, 3 ],
    "flags": [ "BLIND_EASY" ],
    "tools": [ [ [ "mortar_pestle", -1 ] ] ],
    "components": [ [ [ "slime_wheat", 1 ] ] ]
  },
  {
    "result": "slime_flour",
    "type": "recipe",
    "id_suffix": "with_from_food_processor",
    "category": "CC_FOOD",
    "subcategory": "CSC_FOOD_OTHER",
    "skill_used": "cooking",
    "difficulty": 2,
    "charges": 15,
    "time": "11 m 15 s",
    "autolearn": true,
    "batch_time_factors": [ 83, 3 ],
    "tools": [ [ [ "food_processor", 20 ] ] ],
    "components": [ [ [ "slime_wheat", 1 ] ] ]
  },
  {
    "type": "recipe",
    "result": "slime_bread",
    "category": "CC_FOOD",
    "subcategory": "CSC_FOOD_MEAT",
    "skill_used": "cooking",
    "difficulty": 3,
    "charges": 6,
    "time": "25 m",
    "autolearn": true,
    "qualities": [ { "id": "COOK", "level": 2 } ],
    "tools": [ [ [ "surface_heat", 6, "LIST" ] ] ],
    "components": [ [ [ "slime_flour", 10 ] ], [ [ "water", 1 ], [ "water_clean", 1 ] ] ]
  },
  {
    "type": "recipe",
    "result": "slime_meat_bread",
    "category": "CC_FOOD",
    "subcategory": "CSC_FOOD_MEAT",
    "skill_used": "cooking",
    "difficulty": 3,
    "charges": 8,
    "time": "25 m",
    "autolearn": true,
    "qualities": [ { "id": "COOK", "level": 2 } ],
    "tools": [ [ [ "surface_heat", 6, "LIST" ] ] ],
    "components": [
      [ [ "slime_flour", 10 ] ],
      [
        [ "jerky", 2 ],
        [ "dry_meat", 2 ],
        [ "meat_smoked", 2 ],
        [ "dry_fish", 2 ],
        [ "salted_fish", 2 ],
        [ "fish_smoked", 2 ]
      ],
      [ [ "water", 1 ], [ "water_clean", 1 ] ]
    ]
  },
  {
    "type": "recipe",
    "result": "water_clean",
    "id_suffix": "slime_fluid_bladder",
    "category": "CC_FOOD",
    "subcategory": "CSC_FOOD_DRINKS",
    "skill_used": "cooking",
    "charges": 4,
    "time": "5 m",
    "autolearn": true,
    "batch_time_factors": [ 80, 4 ],
    "qualities": [ { "id": "blobchemfact", "level": 1 } ],
    "components": [ [ [ "slime_fluid_bladder", 1 ] ] ]
  },
  {
    "result": "slime_wheat_seed",
    "type": "recipe",
    "category": "CC_FOOD",
    "subcategory": "CSC_FOOD_SEEDS",
    "skill_used": "cooking",
    "autolearn": true,
    "components": [ [ [ "wheat", 1 ] ], [ [ "slime_scrap", 1 ] ], [ [ "bfeed", 1 ] ] ],
    "flags": [ "ALLOW_ROTTEN" ]
  },
  {
    "result": "slime_wheat_seed",
    "id_suffix": "slime_wheat",
    "type": "recipe",
    "category": "CC_FOOD",
    "subcategory": "CSC_FOOD_SEEDS",
    "skill_used": "cooking",
    "autolearn": true,
    "components": [ [ [ "slime_wheat", 1 ] ] ],
    "flags": [ "ALLOW_ROTTEN" ]
  }
]
