[
  {
    "result": "slime_climate_suit",
    "type": "recipe",
    "category": "CC_ARMOR",
    "subcategory": "CSC_ARMOR_SUIT",
    "skill_used": "cooking",
    "difficulty": 6,
    "time": "6 h",
    "autolearn": true,
    "components": [ [ [ "gloople", 1 ] ], [ [ "glowie", 1 ] ], [ [ "bfeed", 100 ] ] ]
  },
  {
    "result": "queensuit",
    "type": "recipe",
    "category": "CC_ARMOR",
    "subcategory": "CSC_ARMOR_SUIT",
    "skill_used": "cooking",
    "difficulty": 6,
    "time": "12 h",
    "autolearn": true,
    "components": [ [ [ "queen", 1 ] ], [ [ "glowie", 2 ] ], [ [ "bfeed", 100 ] ] ]
  },
  {
    "result": "remotegelcontrol",
    "type": "recipe",
    "category": "CSC_OTHER",
    "subcategory": "CSC_OTHER_TOOLS",
    "skill_used": "cooking",
    "difficulty": 5,
    "time": "1 h",
    "autolearn": true,
    "components": [ [ [ "glowie", 1 ] ] ]
  },
    {
    "result": "SlimeTeleporter",
    "type": "recipe",
    "category": "CSC_OTHER",
    "subcategory": "CSC_OTHER_TOOLS",
    "skill_used": "cooking",
    "difficulty": 8,
    "time": "1 h",
    "autolearn": true,
    "components": [ [ [ "gray", 1 ] ], [ [ "glowie", 2 ] ], [ [ "queen", 1 ] ] ]
  },
      {
    "result": "SlimeEcholocator",
    "type": "recipe",
    "category": "CSC_OTHER",
    "subcategory": "CSC_OTHER_TOOLS",
    "skill_used": "cooking",
    "difficulty": 8,
    "time": "1 h",
    "autolearn": true,
    "components": [ [ [ "gray", 2 ] ], [ [ "glowie", 1 ] ], [ [ "queen", 1 ] ] ]
  },
        {
    "result": "FriendDispenser",
    "type": "recipe",
    "category": "CSC_OTHER",
    "subcategory": "CSC_OTHER_TOOLS",
    "skill_used": "cooking",
    "difficulty": 8,
    "time": "2 h",
    "autolearn": true,
    "components": [ [ [ "gray", 3 ] ], [ [ "glowie", 1 ] ], [ [ "queen", 2 ] ] ]
  },
  {
    "result": "ice_plinker",
    "type": "recipe",
    "category": "CC_WEAPON",
    "subcategory": "CSC_WEAPON_RANGED",
    "skill_used": "cooking",
    "difficulty": 6,
    "time": "12 h",
    "autolearn": true,
    "components": [ [ [ "freezie", 1 ] ], [ [ "gray", 1 ] ], [ [ "bfeed", 15 ] ] ]
  },
  {
    "result": "slimesniper",
    "type": "recipe",
    "category": "CC_WEAPON",
    "subcategory": "CSC_WEAPON_RANGED",
    "skill_used": "cooking",
    "difficulty": 6,
    "time": "12 h",
    "autolearn": true,
    "components": [ [ [ "gray", 1 ] ], [ [ "biter", 1 ] ], [ [ "bfeed", 15 ] ] ]
  },
  {
    "result": "bfmag",
    "type": "recipe",
    "category": "CC_OTHER",
    "subcategory": "CSC_OTHER_TOOLS",
    "skill_used": "cooking",
    "difficulty": 6,
    "time": "10 s",
    "autolearn": true,
    "components": [ [ [ "bfeed", 10 ] ] ]
  },
  {
    "copy-from": "bfeed",
    "result": "bfeed",
    "byproducts": [ [ "bfeed", 1 ] ],
    "//": "The queen is eager to help you feed it. It's more efficient then using a knife, and faster, too.",
    "type": "recipe",
    "id_suffix": "queen assisted",
    "category": "CC_OTHER",
    "subcategory": "CSC_OTHER_MATERIALS",
    "skill_used": "cooking",
    "difficulty": 4,
    "time": 500,
    "autolearn": true,
    "tools": [ [ [ "queen", -1 ] ] ],
    "components": [
      [
        [ "corpse", 1 ],
        [ "bone_tainted", 2 ],
        [ "bone_human", 2 ],
        [ "meat", 2 ],
        [ "meat_tainted", 2 ],
        [ "human_flesh", 2 ],
        [ "chitin_piece", 1 ],
        [ "slime_scrap", 1 ],
        [ "stomach", 1 ],
        [ "stomach_large", 1 ],
        [ "hstomach", 1 ],
        [ "hstomach_large", 1 ]
      ]
    ]
  },
  {
    "type": "recipe",
    "result": "slime_scrap",
    "id_suffix": "queen assisted",
    "category": "CC_CHEM",
    "subcategory": "CSC_CHEM_CHEMICALS",
    "skill_used": "cooking",
    "difficulty": 6,
    "time": "20 s",
    "autolearn": true,
    "tools": [ [ [ "gloople", -1 ], [ "oozle", -1 ], [ "gray", -1 ] ] ],
    "components": [ [ [ "meat_tainted", 1 ], [ "dry_meat_tainted", 1 ] ] ]
  },
  {
    "result": "bfmagmed",
    "type": "recipe",
    "category": "CC_OTHER",
    "subcategory": "CSC_OTHER_TOOLS",
    "skill_used": "cooking",
    "difficulty": 6,
    "time": "20 s",
    "autolearn": true,
    "components": [ [ [ "bfeed", 20 ] ] ]
  },
  {
    "result": "bfmagheavy",
    "type": "recipe",
    "category": "CC_OTHER",
    "subcategory": "CSC_OTHER_TOOLS",
    "skill_used": "cooking",
    "difficulty": 6,
    "time": "20 s",
    "autolearn": true,
    "components": [ [ [ "bfeed", 500 ] ] ]
  },
  {
    "result": "slimey_tool_block",
    "type": "recipe",
    "category": "CC_OTHER",
    "subcategory": "CSC_OTHER_TOOLS",
    "skill_used": "cooking",
    "difficulty": 6,
    "time": "6 h",
    "autolearn": true,
    "components": [ [ [ "gray", 1 ] ] ]
  },
  {
    "type": "recipe",
    "result": "slime_scrap",
    "byproducts": [ [ "slime_scrap", 1 ] ],
    "id_suffix": "blob assisted",
    "category": "CC_CHEM",
    "subcategory": "CSC_CHEM_CHEMICALS",
    "skill_used": "cooking",
    "difficulty": 6,
    "time": "20 s",
    "autolearn": true,
    "tools": [ [ [ "queen", -1 ] ] ],
    "components": [ [ [ "meat_tainted", 1 ], [ "dry_meat_tainted", 1 ] ] ]
  },
  {
    "result": "slime_butcher_rack",
    "type": "recipe",
    "category": "CC_OTHER",
    "subcategory": "CSC_OTHER_MATERIALS",
    "skill_used": "cooking",
    "difficulty": 6,
    "time": 15000,
    "autolearn": true,
    "components": [ [ [ "gloople", 1 ] ] ]
  },
  {
    "result": "slimey_water_purifier",
    "type": "recipe",
    "category": "CC_CHEM",
    "subcategory": "CSC_CHEM_OTHER",
    "skill_used": "cooking",
    "difficulty": 6,
    "time": "1 h",
    "autolearn": true,
    "components": [ [ [ "slime_scrap", 5 ] ] ]
  },
  {
    "type": "recipe",
    "result": "slimeskin",
    "category": "CC_OTHER",
    "subcategory": "CSC_OTHER_CONTAINERS",
    "skill_used": "cooking",
    "skills_required": [ "cooking", 6 ],
    "difficulty": 2,
    "time": "30 m",
    "autolearn": true,
    "components": [ [ [ "slime_scrap", 4 ] ] ]
  },
  {
    "type": "recipe",
    "result": "slimeskin2",
    "category": "CC_OTHER",
    "subcategory": "CSC_OTHER_CONTAINERS",
    "skill_used": "cooking",
    "skills_required": [ "cooking", 6 ],
    "difficulty": 2,
    "time": "30 m",
    "autolearn": true,
    "components": [ [ [ "slime_scrap", 8 ] ] ]
  },
  {
    "type": "recipe",
    "result": "slimeskin3",
    "category": "CC_OTHER",
    "subcategory": "CSC_OTHER_CONTAINERS",
    "skill_used": "cooking",
    "skills_required": [ "cooking", 6 ],
    "difficulty": 3,
    "time": "30 m",
    "autolearn": true,
    "components": [ [ [ "slime_scrap", 12 ] ] ]
  },
  {
    "result": "slimy_backpack",
    "type": "recipe",
    "category": "CC_ARMOR",
    "subcategory": "CSC_ARMOR_STORAGE",
    "skill_used": "cooking",
    "difficulty": 6,
    "time": "3 h",
    "autolearn": true,
    "components": [ [ [ "slime_scrap", 50 ] ] ]
  },
  {
    "type": "recipe",
    "result": "geljack",
    "category": "CC_OTHER",
    "subcategory": "CSC_OTHER_TOOLS",
    "skill_used": "cooking",
    "difficulty": 6,
    "time": "2 h",
    "autolearn": true,
    "qualities": [ { "id": "HAMMER", "level": 3 } ],
    "components": [ [ [ "frostie", 1 ] ] ]
  },
  {
    "type": "recipe",
    "result": "gelheadlamp",
    "category": "CC_OTHER",
    "subcategory": "CSC_OTHER_TOOLS",
    "skill_used": "cooking",
    "difficulty": 6,
    "time": "2 h",
    "autolearn": true,
    "components": [ [ [ "glowie", 1 ] ] ]
  },
  {
    "result": "blobprogramer",
    "type": "recipe",
    "category": "CC_CHEM",
    "subcategory": "CC_CHEM_OTHER",
    "skill_used": "cooking",
    "difficulty": 8,
    "time": "1 d",
    "autolearn": true,
    "components": [ [ [ "queen", 1 ] ], [ [ "eink_tablet_pc", 1 ] ] ]
  },
  {
    "result": "pufferchemicalfactory",
    "type": "recipe",
    "category": "CC_CHEM",
    "subcategory": "CC_CHEM_OTHER",
    "skill_used": "cooking",
    "difficulty": 8,
    "time": "1 d",
    "autolearn": true,
    "qualities": [ { "id": "blobprog", "level": 1 } ],
    "components": [ [ [ "inkie", 1 ] ], [ [ "meltie", 1 ] ], [ [ "stickie", 1 ] ] ]
  },
  {
    "result": "reconsuit",
    "byproducts": [ [ "id_military", 1 ] ],
    "//": "Added byproduct to allow you to unlock the mech once it's crafted.",
    "type": "recipe",
    "category": "CC_ARMOR",
    "subcategory": "CSC_ARMOR_MECH",
    "skill_used": "cooking",
    "difficulty": 8,
    "time": "2 d",
    "autolearn": true,
    "qualities": [ { "id": "blobchemfact", "level": 1 }, { "id": "blobprog", "level": 1 } ],
    "components": [ [ [ "queen", 3 ] ], [ [ "gray", 12 ] ], [ [ "glowie", 3 ] ], [ [ "frostie", 2 ] ] ]
  },
  {
    "result": "slimestock",
    "type": "recipe",
    "category": "CC_OTHER",
    "subcategory": "CSC_OTHER_TOOLS",
    "skill_used": "cooking",
    "difficulty": 6,
    "time": "1 h",
    "autolearn": true,
    "components": [ [ [ "gray", 1 ] ] ]
  },
    {
    "result": "slime_kit",
    "type": "recipe",
    "category": "CC_OTHER",
    "subcategory": "CSC_OTHER_TOOLS",
    "skill_used": "cooking",
    "difficulty": 6,
    "time": "6 h",
    "autolearn": true,
    "components": [ [ [ "gloople", 1 ] ], [ [ "slime_scrap", 10 ] ] ]
  },
  {
    "result": "gelhotplate",
    "type": "recipe",
    "category": "CC_OTHER",
    "subcategory": "CSC_OTHER_TOOLS",
    "skill_used": "cooking",
    "difficulty": 6,
    "time": "6 h",
    "autolearn": true,
    "qualities": [ { "id": "GRAFT", "level": 1 } ],
    "components": [ [ [ "glowie", 2 ] ], [ [ "slime_scrap", 5 ] ] ]
  }
]
