[
  {
    "id": "mon_blob_recon",
    "type": "MONSTER",
    "name": "Blob recon suit",
    "description": "The blobs in local space have detecdted heavy units both local and ether invasion. Or that's what your blob programmer says, how it knows this you haven't yet figured out. This suit is build for mobility, vision, and long range heavy attacks.",
    "default_faction": "player",
    "species": [ "ROBOT" ],
    "diff": 5,
    "volume": "1480388 ml",
    "weight": 1480388,
    "hp": 600,
    "speed": 80,
    "material": [ "slime" ],
    "symbol": "M",
    "color": "red",
    "looks_like": "mon_mech_combat",
    "aggression": -50,
    "morale": 100,
    "melee_skill": 5,
    "melee_dice": 3,
    "melee_dice_sides": 6,
    "melee_cut": 2,
    "armor_bash": 25,
    "armor_cut": 45,
    "vision_night": 50,
    "mech_str_bonus": 30,
    "mech_battery": "bfmagheavy",
    "mech_weapon": "slime_ice_snipersuit",
    "revert_to_itype": "broken_mech_combat",
    "death_function": [ "BROKEN" ],
    "death_drops": { "groups": [ [ "robots", 20 ] ] },
    "flags": [
      "SEES",
      "HEARS",
      "MILITARY_MECH",
      "BASHES",
      "PUSH_MON",
      "ELECTRONIC",
      "NOHEAD",
      "NO_BREATHE",
      "RIDEABLE_MECH",
      "PRIORITIZE_TARGETS",
      "PATH_AVOID_DANGER_2",
      "LOUDMOVES"
    ]
  },
  {
    "id": "reconsuit",
    "name": "deplyable blob recon suit",
    "type": "TOOL_ARMOR",
    "category": "armor",
    "symbol": "[",
    "color": "light_gray",
    "description": "This is a deployable module for the blob recon suit. use it to place down the blob pilotable suit.",
    "flags": [ "VARSIZE", "SKINTIGHT", "ALLOWS_NATURAL_ATTACKS", "TRADER_AVOID" ],
    "price": 30000,
    "material": [ "slime" ],
    "weight": "1 g",
    "volume": "10 ml",
    "use_action": {
      "type": "place_monster",
      "monster_id": "mon_blob_recon",
      "friendly_msg": "Your blob recon suit deploys",
      "moves": 1,
      "place_randomly": false
    }
  }
]
