[
  {
    "type": "uncraft",
    "result": "queen",
    "time": "5 s",
    "components": [ [ [ "queengrow", 2 ] ] ]
  },
  {
    "type": "uncraft",
    "result": "razorqueen",
    "time": "5 s",
    "components": [ [ [ "razorqueengrow", 2 ] ] ]
  },
  {
    "type": "uncraft",
    "result": "sharp",
    "time": "5 s",
    "components": [ [ [ "sharpgrow", 2 ] ] ]
  },
  {
    "type": "uncraft",
    "result": "gelrazor",
    "time": "5 s",
    "components": [ [ [ "sicklegrow", 2 ] ] ]
  },
  {
    "type": "uncraft",
    "result": "sparkie",
    "time": "5 s",
    "components": [ [ [ "sparkiegrow", 2 ] ] ]
  },
  {
    "type": "uncraft",
    "result": "stickie",
    "time": "5 s",
    "components": [ [ [ "stickiegrow", 2 ] ] ]
  },
  {
    "type": "uncraft",
    "result": "torchie",
    "time": "5 s",
    "components": [ [ [ "torchiegrow", 2 ] ] ]
  },
  {
    "type": "uncraft",
    "result": "voideater",
    "time": "5 s",
    "components": [ [ [ "voideatergrow", 2 ] ] ]
  },
  {
    "type": "uncraft",
    "result": "horror",
    "time": "5 s",
    "components": [ [ [ "horrorgrow", 2 ] ] ]
  },
  {
    "type": "uncraft",
    "result": "inkie",
    "time": "5 s",
    "components": [ [ [ "inkiegrow", 2 ] ] ]
  },
  {
    "type": "uncraft",
    "result": "fuzzle",
    "time": "5 s",
    "components": [ [ [ "fuzzlegrow", 2 ] ] ]
  },
  {
    "type": "uncraft",
    "result": "biter",
    "time": "5 s",
    "components": [ [ [ "bitergrow", 2 ] ] ]
  },
  {
    "type": "uncraft",
    "result": "clutter",
    "time": "5 s",
    "components": [ [ [ "cluttergrow", 2 ] ] ]
  },
  {
    "type": "uncraft",
    "result": "spouterqueen",
    "time": "5 s",
    "components": [ [ [ "queengrow", 2 ] ] ]
  },
    {
    "type": "uncraft",
    "result": "meltie",
    "time": "5 s",
    "components": [ [ [ "meltiegrow", 2 ] ] ]
  },
      {
    "type": "uncraft",
    "result": "frostie",
    "time": "5 s",
    "components": [ [ [ "frostiegrow", 2 ] ] ]
  },
            {
    "type": "uncraft",
    "result": "glowie",
    "time": "5 s",
    "components": [ [ [ "glowiegrow", 2 ] ] ]
  },
              {
    "type": "uncraft",
    "result": "oozle",
    "time": "5 s",
    "components": [ [ [ "oozlegrow", 2 ] ] ]
  },
          {
    "type": "uncraft",
    "result": "gray",
    "time": "5 s",
    "components": [ [ [ "graygrow", 2 ] ] ]
  },
        {
    "type": "uncraft",
    "result": "gloople",
    "time": "5 s",
    "components": [ [ [ "glooplegrow", 2 ] ] ]
  },
  {
    "type": "uncraft",
    "result": "freezie",
    "time": "5 s",
    "components": [ [ [ "freeziegrow", 2 ] ] ]
  }
]
