[
  {
    "abstract": "seed",
    "type": "COMESTIBLE",
    "comestible_type": "FOOD",
    "name": "seeds",
    "name_plural": "seeds",
    "category": "seeds",
    "volume": "250 ml",
    "weight": "1 g",
    "price": 120,
    "charges": 4,
    "stack_size": 100,
    "material": "veggy",
    "primary_material": "dried_vegetable",
    "symbol": ".",
    "color": "brown",
    "flags": [ "NUTRIENT_OVERRIDE", "PLANTABLE_SEED" ]
  },
  {
    "type": "COMESTIBLE",
    "id": "slime_wheat",
    "name": "slime enhanced wheat",
    "name_plural": "slime enhanced wheat",
    "weight": "203 g",
    "color": "brown",
    "comestible_type": "FOOD",
    "symbol": ",",
    "quench": 5,
    "healthy": 5,
    "calories": 500,
    "description": "This wheat has been enhanced by slimes to grow faster and be tastier, and more nutritious for the slime must spread.",
    "price": 120,
    "material": "slime",
    "volume": "250 ml",
    "flags": [ "EDIBLE_FROZEN", "MILLABLE" ],
    "vitamins": [ [ "calcium", 4 ], [ "iron", 40 ], [ "vitA", 5 ], [ "vitC", 5 ], [ "vitB", 25 ] ],
    "fun": -10
  },
  {
    "id": "slime_wheat_seed",
    "copy-from": "seed",
    "type": "COMESTIBLE",
    "name": "slime enhanced wheat seeds",
    "name_plural": "slime enhanced wheat seeds",
    "description": "Wheat seads process by blobs and enhanced with blob feed. ",
    "weight": "5 g",
    "price": 50,
    "stack_size": 40,
    "material": "slime",
    "primary_material": "dried_vegetable",
    "seed_data": { "plant_name": "slime wheat", "fruit": "slime_wheat", "byproducts": [ "slime_scrap" ], "grow": "45 days" }
  },
  {
    "type": "COMESTIBLE",
    "id": "slime_fluid_bladder",
    "name": "slime fluid bladder",
    "weight": "278 g",
    "color": "blue",
    "spoils_in": "60 days",
    "comestible_type": "FOOD",
    "symbol": "%",
    "quench": 25,
    "healthy": 1,
    "calories": 35,
    "description": "A tough leathery bladder harvested from a slime fluid plant. It seems to contain water, you could process it using a blob chemical factory.",
    "price": 0,
    "material": "veggy",
    "volume": "250 ml",
    "flags": [ "RAW" ],
    "fun": 1
  },
  {
    "id": "slime_fluid_seed",
    "copy-from": "seed",
    "type": "COMESTIBLE",
    "name": "slime fluid plant seeds",
    "name_plural": "slime fluid plant seeds",
    "description": "A fungal fluid sac that have been processed by blob globs to produce a seed. ",
    "weight": "5 g",
    "price": 50,
    "stack_size": 40,
    "material": "slime",
    "primary_material": "dried_vegetable",
    "seed_data": { "plant_name": "slime fluid", "fruit": "slime_fluid_bladder", "byproducts": [ "slime_scrap" ], "grow": "20 days" }
  },
  {
    "result": "slime_fluid_seed",
    "type": "recipe",
    "category": "CC_FOOD",
    "subcategory": "CSC_FOOD_SEEDS",
    "skill_used": "cooking",
    "autolearn": true,
    "components": [ [ [ "plant_sac", 1 ] ], [ [ "slime_scrap", 1 ] ], [ [ "bfeed", 1 ] ] ],
    "flags": [ "ALLOW_ROTTEN" ]
  },
  {
    "result": "slime_fluid_seed",
    "id_suffix": "slime_bladder",
    "type": "recipe",
    "category": "CC_FOOD",
    "subcategory": "CSC_FOOD_SEEDS",
    "skill_used": "cooking",
    "autolearn": true,
    "components": [ [ [ "slime_fluid_bladder", 1 ] ] ],
    "flags": [ "ALLOW_ROTTEN" ]
  },
  {
    "type": "COMESTIBLE",
    "id": "slime_bread",
    "name": "slime bread",
    "weight": "85 g",
    "color": "brown",
    "spoils_in": "14 days 16 hours",
    "container": "bag_plastic",
    "comestible_type": "FOOD",
    "symbol": "%",
    "calories": 234,
    "healthy": 5,
    "description": "Bread made with slime enhanced wheat. Nurishment for the slime enthusianst.",
    "price": 23,
    "material": "wheat",
    "volume": "250 ml",
    "flags": [ "EATEN_HOT", "EDIBLE_FROZEN", "NUTRIENT_OVERRIDE" ],
    "vitamins": [ [ "calcium", 10 ], [ "iron", 10 ], [ "vitA", 10 ], [ "vitC", 10 ], [ "vitB", 10 ] ],
    "fun": 5
  },
  {
    "type": "COMESTIBLE",
    "id": "slime_meat_bread",
    "name": "slime meat bread",
    "weight": "85 g",
    "color": "brown",
    "spoils_in": "14 days 16 hours",
    "container": "bag_plastic",
    "comestible_type": "FOOD",
    "symbol": "%",
    "calories": 234,
    "healthy": 5,
    "description": "Bread made with slime enhanced wheat and mixed with meat. Nourishment for the carnivorous slime enthusiast.",
    "price": 23,
    "material": [ "flesh", "veggy" ],
    "volume": "250 ml",
    "flags": [ "EATEN_HOT", "EDIBLE_FROZEN" ],
    "vitamins": [ [ "calcium", 10 ], [ "iron", 10 ], [ "vitA", 10 ], [ "vitC", 10 ], [ "vitB", 10 ] ],
    "fun": 5
  },
  {
    "type": "COMESTIBLE",
    "id": "slime_flour",
    "name": "slime wheat flour",
    "name_plural": "slime wheat flour",
    "weight": "13 g",
    "color": "white",
    "spoils_in": "360 days",
    "container": "box_small",
    "comestible_type": "FOOD",
    "symbol": "%",
    "quench": -1,
    "calories": 48,
    "description": "Slime enhanced wheat ground up and suitable for cooking. Highly nutritious for the slime must spread.",
    "price": 450,
    "material": [ "wheat", "powder" ],
    "volume": "250 ml",
    "flags": [ "EDIBLE_FROZEN" ],
    "charges": 10,
    "vitamins": [ [ "calcium", 10 ], [ "iron", 10 ], [ "vitA", 10 ], [ "vitC", 10 ], [ "vitB", 10 ] ],
    "fun": -5
  }
]
